-- phpMyAdmin SQL Dump
-- version 4.8.3
-- https://www.phpmyadmin.net/
--
-- Host: localhost
-- Generation Time: 2019 ĺš´ 9 ć 29 ćĽ 22:41
-- ăľăźăăŽăăźă¸ă§ăłďź 5.6.42
-- PHP Version: 7.3.8

SET SQL_MODE = "NO_AUTO_VALUE_ON_ZERO";
SET AUTOCOMMIT = 0;
START TRANSACTION;
SET time_zone = "+00:00";


/*!40101 SET @OLD_CHARACTER_SET_CLIENT=@@CHARACTER_SET_CLIENT */;
/*!40101 SET @OLD_CHARACTER_SET_RESULTS=@@CHARACTER_SET_RESULTS */;
/*!40101 SET @OLD_COLLATION_CONNECTION=@@COLLATION_CONNECTION */;
/*!40101 SET NAMES utf8mb4 */;

--
-- Database: `okiyoru_db`
--

-- --------------------------------------------------------

--
-- ăăźăăŤăŽć§é  `admin_accounts`
--

DROP TABLE IF EXISTS `admin_accounts`;
CREATE TABLE `admin_accounts` (
  `id` int(11) NOT NULL,
  `email` varchar(255) NOT NULL,
  `password` varchar(255) NOT NULL,
  `created` datetime DEFAULT NULL,
  `modified` datetime DEFAULT NULL
) ENGINE=InnoDB DEFAULT CHARSET=utf8;

-- --------------------------------------------------------

--
-- ăăźăăŤăŽć§é  `articles`
--

DROP TABLE IF EXISTS `articles`;
CREATE TABLE `articles` (
  `id` int(11) NOT NULL,
  `user_id` int(11) NOT NULL,
  `title` varchar(255) NOT NULL,
  `slug` varchar(191) NOT NULL,
  `body` text,
  `published` tinyint(1) DEFAULT '0',
  `created` datetime DEFAULT NULL,
  `modified` datetime DEFAULT NULL
) ENGINE=InnoDB DEFAULT CHARSET=utf8mb4;

--
-- ăăźăăŤăŽăăźăżăŽăăłă `articles`
--

INSERT INTO `articles` (`id`, `user_id`, `title`, `slug`, `body`, `published`, `created`, `modified`) VALUES
(1, 1, 'First Post', 'first-post', 'This is the first post.This is the first post.This is the first post.This is the first post.This is the first post.This is the first post.This is the first post.', 1, '2018-12-26 20:50:09', '2018-12-31 12:29:33'),
(24, 1, 'ffaaaaaaaaaaaaaaaaaaaaaaaaaaaaaaaaaaaaa', 'ffaaaaaaaaaaaaaaaaaaaaaaaaaaaaaaaaaaaaa', 'aaaaaaaaaaaaaaaaaaaaaaaaaaaaaaaaaaaaaaaaaaaaaaaaaaaaaaaaaaaaaaaaaaaaaaaaaaaaaaaaaaaaaaaaaaaaaaaaaaaaaaaaaaaaaaaaaaaaaaaaaaaaaaaaaaaaaaaaaaaaaaaaaaaaaaaaaaaaaaaaaaaaaaaaaaaaaaaaaaaaaaaaaaaaaaaaaaaaaaaaaaaaaaaaaaaaaaaaaaaaaaaaaaaaaaaaaaaaaaaaaaaaaaaaaaaaaaaaaaaaaaaaaaaaaaaaaaaaaaaaaaaaaaaaaaaaaaaaaaaaaaaaaaaaaaaaaaaaaaaa', 0, '2018-12-30 21:54:10', '2018-12-31 12:10:24'),
(25, 1, 'title1title1title1title1', 'title1title1title1title1', 'body1body1body1body1body1body1body1body1body1body1body1body1body1body1body1body1body1body1body1body1body1body1body1body1body1body1body1body1body1body1body1body1body1', 0, '2018-12-30 22:32:45', '2018-12-30 22:32:45'),
(26, 1, 'title2title2title2title2title2', 'title2title2title2title2title2', 'body2body2body2body2body2body2body2body2body2body2body2body2body2body2body2body2body2body2body2body2body2body2body2body2body2', 0, '2018-12-30 22:33:07', '2018-12-31 09:07:13'),
(27, 1, 'tomori1tomori1tomori1tomori1tomori1', 'tomori1tomori1tomori1tomori1tomori1', 'tomori1tomori1tomori1tomori1tomori1tomori1tomori1tomori1tomori1tomori1tomori1tomori1tomori1tomori1tomori1tomori1tomori1tomori1tomori1tomori1tomori1tomori1tomori1tomori1tomori1tomori1tomori1tomori1tomori1', 0, '2018-12-31 12:35:53', '2018-12-31 12:35:53'),
(29, 2, 'tomori1ăŽćç¨ż', 'tomori1no-tou-gao', 'tomori1ăŽćç¨żtomori1ăŽćç¨żtomori1ăŽćç¨żtomori1ăŽćç¨żtomori1ăŽćç¨żtomori1ăŽćç¨żtomori1ăŽćç¨żtomori1ăŽćç¨ż', 0, '2018-12-31 16:37:42', '2018-12-31 16:37:42');

-- --------------------------------------------------------

--
-- ăăźăăŤăŽć§é  `articles_tags`
--

DROP TABLE IF EXISTS `articles_tags`;
CREATE TABLE `articles_tags` (
  `article_id` int(11) NOT NULL,
  `tag_id` int(11) NOT NULL
) ENGINE=InnoDB DEFAULT CHARSET=utf8;

--
-- ăăźăăŤăŽăăźăżăŽăăłă `articles_tags`
--

INSERT INTO `articles_tags` (`article_id`, `tag_id`) VALUES
(26, 1),
(1, 2),
(25, 2),
(24, 5),
(1, 7);

-- --------------------------------------------------------

--
-- ăăźăăŤăŽć§é  `casts`
--

DROP TABLE IF EXISTS `casts`;
CREATE TABLE `casts` (
  `id` int(11) NOT NULL,
  `shop_id` int(11) NOT NULL,
  `role` varchar(10) NOT NULL,
  `name` varchar(30) NOT NULL,
  `nickname` varchar(30) NOT NULL,
  `email` varchar(255) NOT NULL,
  `password` varchar(255) DEFAULT NULL,
  `birthday` datetime DEFAULT NULL,
  `three_size` varchar(10) DEFAULT NULL,
  `blood_type` varchar(20) DEFAULT NULL,
  `constellation` varchar(20) DEFAULT NULL,
  `age` varchar(5) DEFAULT NULL,
  `message` varchar(50) DEFAULT NULL,
  `holiday` varchar(50) DEFAULT NULL,
  `icon` varchar(255) DEFAULT NULL,
  `top_image` varchar(255) DEFAULT NULL,
  `image1` varchar(255) DEFAULT NULL,
  `image2` varchar(255) DEFAULT NULL,
  `image3` varchar(255) DEFAULT NULL,
  `image4` varchar(255) DEFAULT NULL,
  `image5` varchar(255) DEFAULT NULL,
  `image6` varchar(255) DEFAULT NULL,
  `image7` varchar(255) DEFAULT NULL,
  `image8` varchar(255) DEFAULT NULL,
  `dir` varchar(255) DEFAULT NULL,
  `remember_token` varchar(64) DEFAULT NULL,
  `status` int(1) NOT NULL,
  `delete_flag` int(1) DEFAULT NULL,
  `created` datetime NOT NULL,
  `modified` datetime NOT NULL
) ENGINE=InnoDB DEFAULT CHARSET=utf8;

--
-- ăăźăăŤăŽăăźăżăŽăăłă `casts`
--

INSERT INTO `casts` (`id`, `shop_id`, `role`, `name`, `nickname`, `email`, `password`, `birthday`, `three_size`, `blood_type`, `constellation`, `age`, `message`, `holiday`, `icon`, `top_image`, `image1`, `image2`, `image3`, `image4`, `image5`, `image6`, `image7`, `image8`, `dir`, `remember_token`, `status`, `delete_flag`, `created`, `modified`) VALUES
(1, 38, 'cast', 'ĺąąç°ăćĺ­ďź', 'ďź¨ďźĄďźŽďźĄ', 'okiyoru99@gmail.com', '$2y$10$3Y5FfELSqG8hCwipy1VWNOvPn0A07QPRl0B7QVbgqtplAjRRFBfDC', '2000-02-14 00:00:00', NULL, 'blood_type1', 'constellation4', '22', 'ăĄăăťăźă¸ăĄăăťăźă¸ăĄăăťăźă¸ăĄăăťăźă¸ăĄăăťăźă¸ăĄăăťăźă¸ăĄăăťăźă¸ăĄăťăźă¸ăĄăăťăź', NULL, '87acb71458b5536fdfeec9e47e800ec40a632455.jpg', NULL, '0ba3ed5e90b78afc0d5a901caa1c76d7e36c4ed9.jpg', 'aa58c6f495d90f42f7053a3fdeefe9d1508792d9.jpg', '58223027c4bfbf1f31839cb91519aeebee455f81.jpg', 'c49b4b37b6f6de03c7cd49119b379d6dbfee2551.jpg', '5b549191eae4ee3a10368ca69facdd331fb6ffce.jpg', '015b84f204f727ec6cb23d7ed5e07e5b36fd21fa.jpg', '', '', '00002', NULL, 1, 0, '2019-03-23 16:51:25', '2019-09-05 23:33:01'),
(33, 38, 'cast', 'é´ć¨ăä¸é', 'ă¤ăă­ăź', 'okiyoru99@gmail.com', '$2y$10$CQjIhOficE9SZJ5lgggxVuq4cUSwZG0O9CX6WC2GWbQBdQvPBYyda', NULL, NULL, NULL, NULL, NULL, NULL, NULL, NULL, NULL, 'a674a57e5e8e5a289a7ae1b294cef79b42e3d3ab.jpg', '79d52ab7a9b86eb47fef0200f1779bf72bc55719.jpg', NULL, NULL, NULL, NULL, NULL, NULL, '00003', NULL, 1, 0, '2019-07-31 19:22:54', '2019-07-31 23:30:57'),
(35, 54, 'cast', 'ăŞăŞ', 'ăŞăŞ', 'okiyoru99@gmail.com', '$2y$10$Op0.Cgd9vufJu7f6azq53OjtUaeDXUBZJ6jsgQAq3AeywhRkPJ0j.', NULL, NULL, NULL, NULL, NULL, NULL, NULL, 'd82a12628c2812d3141b7555f961a6f2b94edb57.jpg', NULL, 'a3e108605eacb4c5bb871b6e4db8a7837d76be6d.jpg', 'd401a3c19c54430f0639406d7859cf556a5db10d.jpg', '', '', NULL, NULL, NULL, NULL, '00001', NULL, 1, 0, '2019-08-08 23:37:31', '2019-09-05 23:27:03'),
(41, 54, 'cast', 'ăăăŞ', 'ăăăŞ', 'okiyoru99@gmail.com', '$2y$10$OeB2W0ufPZJpOKoZngWFpOrkNeFSETNOMPl/adL5DhpSrts0Cfrpe', NULL, NULL, NULL, NULL, NULL, NULL, NULL, 'e7f7277686d06a949dcde7be182ddc1eaf55e76f.jpg', NULL, 'c120ffc5a0456f7fc5ff6387110b2748a5d13e4d.jpg', NULL, NULL, NULL, NULL, NULL, NULL, NULL, '00002', NULL, 1, 0, '2019-08-09 00:01:51', '2019-09-05 23:28:00'),
(42, 54, 'cast', 'ăăă', 'ăăă', 'okiyoru99@gmail.com', '$2y$10$2ksjTbJZy//cLD.fK6rypeYmfSLPckgcNoxn.2pPLN4ovl9jIc5ae', NULL, NULL, NULL, NULL, NULL, NULL, NULL, NULL, NULL, 'c2f848d69842167ee88896fc783d44ffdaf3d010.jpg', NULL, NULL, NULL, NULL, NULL, NULL, NULL, '00003', NULL, 1, 0, '2019-08-09 20:20:25', '2019-08-09 20:22:56'),
(43, 54, 'cast', 'ăžăż', 'ăžăż', 'okiyoru99@gmail.com', '$2y$10$zMiLChXeQlZ1VGnNHfivTewm7eWrHxOmw24oOxd24eXzvEcshFf/C', NULL, NULL, NULL, NULL, NULL, NULL, NULL, '777990b048e29b80061616d1d5c8488155606f2a.jpg', NULL, 'fa2855911bc0a7a8f5fdc76ac35a8e40d7ed3a84.jpg', NULL, NULL, NULL, NULL, NULL, NULL, NULL, '00004', NULL, 1, 0, '2019-08-09 20:23:37', '2019-09-05 23:29:37'),
(44, 54, 'cast', 'ăăăŽ', 'ăăăŽ', 'okiyoru99@gmail.com', '$2y$10$yKV7WFDrJtjI/3bG.HKcIOHdKWcMGkAMkb0i78eigS2LMn7F8FV4O', NULL, NULL, NULL, NULL, NULL, NULL, NULL, '08c25c32bdd087dfe5229f9e8a7954230ae65866.jpg', NULL, '9854e59f26988a7683e1e01ad3a2499acb38bb20.jpg', NULL, NULL, NULL, NULL, NULL, NULL, NULL, '00005', NULL, 1, 0, '2019-08-09 20:26:27', '2019-09-05 23:30:19'),
(45, 54, 'cast', 'ăăă', 'ăăă', 'okiyoru99@gmail.com', '$2y$10$ZK7IpBPgr3ZQiwxFOn/ZpOGxodptM.mq5E45v3giYcPoNcjo57WU6', NULL, NULL, NULL, NULL, NULL, NULL, NULL, '66230f2e72bdf49a7463878b559da351189f12f5.jpg', NULL, '7a47074961b6a86944148e149343fd62980f6ac0.jpg', NULL, NULL, NULL, NULL, NULL, NULL, NULL, '00006', NULL, 1, 0, '2019-08-09 20:33:22', '2019-09-05 23:34:48'),
(46, 54, 'cast', 'ăă', 'ăă', 'okiyoru99@gmail.com', '$2y$10$hlJU3b8NhEM/O34sBLjRGu7MLqDx4/K5HEi/9nykdHgnUUeHfFAXa', NULL, NULL, NULL, NULL, NULL, NULL, NULL, 'a644952013d5748ab9f45b74613a61211ad68b84.jpg', NULL, 'f4dc7a2bc75622f394ffffdc5d3f7a665af88c89.jpg', NULL, NULL, NULL, NULL, NULL, NULL, NULL, '00007', NULL, 1, 0, '2019-08-09 20:37:42', '2019-09-05 23:35:57'),
(47, 54, 'cast', 'ă˛ăŞ', 'ă˛ăŞ', 'okiyoru99@gmail.com', '$2y$10$AyXZpXWXKYZfs.kZL3V8ueCyxgip9ipQLMhuSo6EawXFs4pY1Y1Ja', NULL, NULL, NULL, NULL, NULL, NULL, NULL, '1fd0c362f52aacce13ab012df26e653822153c0e.jpg', NULL, '73c7542a0c03b7100b32a0f298e15d9d964f44ff.jpg', NULL, NULL, NULL, NULL, NULL, NULL, NULL, '00008', NULL, 1, 0, '2019-08-09 20:39:57', '2019-09-05 23:36:30'),
(48, 55, 'cast', 'ăăť', 'ăăť', 'okiyoru99@gmail.com', '$2y$10$TXeMOwhsK/4vPQoJn.ZCN.PxboDRp8jSYurqQkuVwfqWKlKTWdiXy', NULL, NULL, NULL, NULL, NULL, NULL, NULL, 'bf113d92c8ca13954af3172f0c434a863d07d3d3.jpg', NULL, '88b11d8760b460a4c10ca19abb7180331e7b88c5.jpg', NULL, NULL, NULL, NULL, NULL, NULL, NULL, '00001', NULL, 1, 0, '2019-08-10 16:11:29', '2019-09-05 23:38:32'),
(49, 55, 'cast', 'ăă', 'ăă', 'okiyoru99@gmail.com', '$2y$10$AoA.bJqZuQC0SSjDCRvK4uiZQeIRtpM/U/6udQp/mes77GXgemtJK', NULL, NULL, NULL, NULL, NULL, NULL, NULL, '4f9d8c4f8d593c80f8bb26f47911a64a5bc03f48.jpg', NULL, '930d1d60205746c6e73a82f6bc32d1d19462433a.jpg', NULL, NULL, NULL, NULL, NULL, NULL, NULL, '00002', NULL, 1, 0, '2019-08-10 16:17:02', '2019-09-05 23:39:26'),
(50, 55, 'cast', 'ăăźă', 'ăăźă', 'okiyoru99@gmail.com', '$2y$10$nZe1EOBngjM3iDxMVLLPNuBXc8b.1DOWhNrdk3WGJ.qhPSbY4Qimi', NULL, NULL, NULL, NULL, NULL, NULL, NULL, 'f28cf293758e7f0daed3d6388268fffed0febd78.jpg', NULL, 'e4ab0de9584c92d4b0763b092e37992ba3717aca.jpg', NULL, NULL, NULL, NULL, NULL, NULL, NULL, '00003', NULL, 1, 0, '2019-08-10 16:18:42', '2019-09-05 23:39:47'),
(51, 55, 'cast', 'ăżăă', 'ăżăă', 'okiyoru99@gmail.com', '$2y$10$/6K5phAfNciUFN.6lAh/0OftmW4kArVeGsekekfWjzJyIOV8WAetW', NULL, NULL, NULL, NULL, NULL, NULL, NULL, 'fee86f53ca72575377cc1a003ad7d11f2910c091.jpg', NULL, '2946854fe5bf4f0a9541842605059a3fe4ea461d.jpg', NULL, NULL, NULL, NULL, NULL, NULL, NULL, '00004', NULL, 1, 0, '2019-08-10 16:20:27', '2019-09-05 23:40:10'),
(52, 55, 'cast', 'ăăŽ', 'ăăŽ', 'okiyoru3@gmail.com', '$2y$10$dzUNVjZvry8zpdHXf7Xr8O84YzhGfSG.MXsJm/uBNKz2yk.M5.zNm', NULL, NULL, NULL, NULL, NULL, NULL, NULL, '52c39ac5f6a71b0c42d87833370136ac9302e68c.jpg', 'd366c2d329986ed7bb77e62b52aeec32cdabcae1.jpg', 'd51bc787af1247d4779e00edc7ba5ef0d3eb2393.jpg', NULL, NULL, NULL, NULL, NULL, NULL, NULL, '00005', NULL, 1, 0, '2019-08-10 16:21:58', '2019-09-09 00:41:32'),
(53, 56, 'cast', 'ăŞă', 'ăŞă1', 'okiyoru1@gmail.com', '$2y$10$QiCOJSSG9UQv9QOeOLTgZOJF6HfBw7BmtOCcu3xHx5XZwlRgsFNNG', NULL, NULL, 'blood_type1', 'constellation3', '22', 'CLUBççăăăăăă§~ă', NULL, NULL, NULL, '74c13f66d574df5107f82572a3e60ff25226ba90.jpg', 'd0fd3161c3bb766d8d4ec43b729609307ad02713.jpg', '8c2a0a403d4aef93b86c34aacf3de3c493319e41.jpg', '116c325071f556a652181dc1029c99004f9a9574.jpg', NULL, NULL, NULL, NULL, '00001', NULL, 1, 0, '2019-08-30 17:23:36', '2019-09-28 11:34:55'),
(54, 56, 'cast', 'ăŤăźăŞ', 'ăŤăźăŞ', 'okiyoru2@gmail.com', '$2y$10$5bX0v1ycjzISzcMkWIHXYOa5Pgbiio0idh7NuPZMzddUse3YYWKT2', NULL, NULL, '', '', '', 'clubççăăăăăăéĄăăăžăďź', NULL, '5ad26544f679a14f56e767e195efbb1359198f9b.jpg', '469d23d11bae23ab2ad51af2027c77e09508d4f7.jpg', '4f2d3399eba5620b3663a96e4a3404f4275ab9ba.jpg', NULL, NULL, NULL, NULL, NULL, NULL, NULL, '00002', '5964e2a2162f5ebf8907b2442413340480842c04f275111b23acc73cf9ecc954', 1, 0, '2019-08-10 17:27:06', '2019-09-09 23:29:19');

-- --------------------------------------------------------

--
-- ăăźăăŤăŽć§é  `cast_schedules`
--

DROP TABLE IF EXISTS `cast_schedules`;
CREATE TABLE `cast_schedules` (
  `id` int(11) NOT NULL,
  `shop_id` int(11) NOT NULL,
  `cast_id` int(11) NOT NULL,
  `event_type_id` int(11) DEFAULT NULL,
  `title` varchar(255) DEFAULT NULL,
  `details` varchar(255) DEFAULT NULL,
  `start` datetime DEFAULT NULL,
  `end` datetime DEFAULT NULL,
  `time_start` varchar(20) DEFAULT NULL,
  `time_end` varchar(20) DEFAULT NULL,
  `all_day` varchar(1) DEFAULT NULL,
  `status` varchar(20) DEFAULT NULL,
  `active` int(1) DEFAULT NULL,
  `created` datetime DEFAULT NULL,
  `modified` datetime DEFAULT NULL
) ENGINE=InnoDB DEFAULT CHARSET=utf8;

--
-- ăăźăăŤăŽăăźăżăŽăăłă `cast_schedules`
--

INSERT INTO `cast_schedules` (`id`, `shop_id`, `cast_id`, `event_type_id`, `title`, `details`, `start`, `end`, `time_start`, `time_end`, `all_day`, `status`, `active`, `created`, `modified`) VALUES
(1, 56, 53, NULL, 'äźăż', NULL, '2019-09-12 00:00:00', '2019-09-12 00:00:00', NULL, NULL, '1', NULL, 1, '2019-09-21 14:48:28', '2019-09-21 14:48:28'),
(2, 56, 53, NULL, 'äťäş', NULL, '2019-09-03 00:00:00', '2019-09-03 16:00:00', '00:00', '16:00', '1', NULL, 1, '2019-09-21 14:52:11', '2019-09-22 14:41:22'),
(3, 56, 53, NULL, 'äťäş', NULL, '2019-09-05 00:00:00', '2019-09-05 00:00:00', '00:00', '00:00', '1', NULL, 1, '2019-09-21 16:05:04', '2019-09-22 13:30:13'),
(8, 56, 53, NULL, 'äźăż', NULL, '2019-10-24 00:00:00', '2019-10-24 00:00:00', NULL, NULL, '1', NULL, 1, '2019-09-22 01:49:04', '2019-09-22 01:49:04'),
(9, 56, 54, NULL, 'äťäş', NULL, '2019-10-01 21:30:00', '2019-10-01 00:00:00', '21:30', NULL, '1', NULL, 1, '2019-09-22 02:13:19', '2019-09-22 02:13:19'),
(10, 56, 54, NULL, 'äťäş', NULL, '2019-09-30 21:00:00', '2019-09-30 00:00:00', '21:00', NULL, '1', NULL, 1, '2019-09-22 02:15:01', '2019-09-22 02:15:01'),
(11, 56, 54, NULL, 'äźăż', NULL, '2019-09-19 00:00:00', '2019-09-19 00:00:00', NULL, NULL, '1', NULL, 1, '2019-09-22 02:15:11', '2019-09-22 02:15:11'),
(12, 56, 54, NULL, 'äźăż', NULL, '2019-09-17 00:00:00', '2019-09-17 00:00:00', NULL, NULL, '1', NULL, 1, '2019-09-22 02:15:18', '2019-09-22 02:15:18'),
(13, 56, 54, NULL, 'äźăż', NULL, '2019-09-18 00:00:00', '2019-09-18 00:00:00', NULL, NULL, '1', NULL, 1, '2019-09-22 02:15:23', '2019-09-22 02:15:23'),
(14, 56, 54, NULL, 'äťäş', NULL, '2019-09-13 08:00:00', '2019-09-13 10:00:00', '08:00', '10:00', '1', NULL, 1, '2019-09-22 02:15:31', '2019-09-22 02:15:31'),
(15, 56, 53, NULL, 'äťäş', NULL, '2019-09-22 22:00:00', '2019-09-22 00:00:00', '22:00', NULL, '1', NULL, 1, '2019-09-22 16:21:42', '2019-09-22 16:21:42');

-- --------------------------------------------------------

--
-- ăăźăăŤăŽć§é  `coupons`
--

DROP TABLE IF EXISTS `coupons`;
CREATE TABLE `coupons` (
  `id` int(11) NOT NULL,
  `shop_id` int(11) NOT NULL,
  `status` int(1) NOT NULL,
  `from_day` datetime NOT NULL,
  `to_day` datetime NOT NULL,
  `title` text CHARACTER SET utf8mb4 NOT NULL,
  `content` text CHARACTER SET utf8mb4 NOT NULL,
  `created` datetime NOT NULL,
  `modified` datetime NOT NULL
) ENGINE=InnoDB DEFAULT CHARSET=utf8;

--
-- ăăźăăŤăŽăăźăżăŽăăłă `coupons`
--

INSERT INTO `coupons` (`id`, `shop_id`, `status`, `from_day`, `to_day`, `title`, `content`, `created`, `modified`) VALUES
(11, 2, 0, '2019-02-05 00:00:00', '2019-02-13 00:00:00', 'ăżă¤ăăŤďź', 'ăżă¤ăăŤďźăżă¤ăăŤďź', '2019-02-12 23:04:16', '2019-02-12 23:04:16'),
(12, 57, 0, '2019-02-11 00:00:00', '2019-02-13 00:00:00', 'existsInexistsIn', 'existsInexistsInexistsIn', '2019-02-12 23:45:12', '2019-02-12 23:45:12'),
(13, 57, 0, '2019-02-12 00:00:00', '2019-02-19 00:00:00', 'ď˝ď˝ď˝ď˝', 'ď˝ď˝ď˝ď˝ď˝ď˝ď˝', '2019-02-13 00:36:09', '2019-02-13 00:36:09'),
(14, 57, 0, '2019-02-04 00:00:00', '2019-02-28 00:00:00', 'ď˝ď˝ď˝ď˝ď˝', 'ď˝ď˝ď˝', '2019-02-13 18:09:26', '2019-02-13 18:09:26'),
(44, 38, 1, '2019-02-02 00:00:00', '2019-03-18 00:00:00', 'ăŻăźăăłăżă¤ăăŤďźăŻăźăăłăżă¤ăăŤďźăŻăźăăłăżă¤ăăŤďź', 'ăŻăźăăłĺĺŽšďźăŻăźăăłĺ\r\năŻăźăăłĺĺŽšďźăŻăźăăłĺĺŽšďź\r\năŻăźăăłĺĺŽšďźăŻăźăăłĺĺŽšďźăŻăźăăłĺĺŽšďźăŻăźăăł', '2019-03-03 01:12:48', '2019-07-31 23:43:48'),
(45, 38, 1, '2000-02-02 00:00:00', '2000-02-23 00:00:00', 'ăŻăźăăłĺĺŽš1ăŻăźăăłĺĺŽš1', 'ăŻăźăăłĺĺŽš1ăŻăźăăłĺĺŽš1', '0000-00-00 00:00:00', '2019-07-30 00:17:20'),
(47, 0, 0, '2019-06-07 00:00:00', '2019-06-18 00:00:00', 'ăŻăźăăłĺĺŽš4ăŻăźăăłĺĺŽš4 ăŻăźăăłĺĺŽš4ăŻăźăăłĺĺŽš4 ăŻăźăăłĺĺŽš4ăŻăźăăłĺĺŽš4', 'ăŻăźăăłĺĺŽš4ăŻăźăăłĺĺŽš4\r\năŻăźăăłĺĺŽš4ăŻăźăăłĺĺŽš4\r\năŻăźăăłĺĺŽš4ăŻăźăăłĺĺŽš4', '2019-06-30 20:15:12', '2019-06-30 20:15:12'),
(48, 0, 0, '2019-06-04 00:00:00', '2019-06-06 00:00:00', 'ăŻăźăăłĺĺŽš4ăŻăźăăłĺĺŽš4 ăŻăźăăłĺĺŽš4ăŻăźăăłĺĺŽš4 ăŻăźăăłĺĺŽš4ăŻăźăăłĺĺŽš4', 'ăŻăźăăłĺĺŽš4ăŻăźăăłĺĺŽš4\r\năŻăźăăłĺĺŽš4ăŻăźăăłĺĺŽš4\r\năŻăźăăłĺĺŽš4ăŻăźăăłĺĺŽš4', '2019-06-30 20:16:22', '2019-06-30 20:16:22'),
(49, 0, 0, '2019-06-07 00:00:00', '2019-06-25 00:00:00', 'testt', 'tteete', '2019-06-30 21:28:28', '2019-06-30 21:28:28'),
(50, 0, 0, '2019-02-01 00:00:00', '2019-03-19 00:00:00', 'ăŻăźăăłăżă¤ăăŤďźăŻăźăăłăżă¤ăăŤďźăŻăźăăłăżă¤ăăŤďź', 'ăŻăźăăłăżă¤ăăŤďźăŻăźăăłăżă¤ăăŤďźăŻăźăăłăżă¤ăăŤďź\r\năŻăźăăłăżă¤ăăŤďźăŻăźăăłăżă¤ăăŤďźăŻăźăăłăżă¤ăăŤďź\r\năŻăźăăłăżă¤ăăŤďźăŻăźăăłăżă¤ăăŤďźăŻăźăăłăżă¤ăăŤďź', '2019-06-30 21:31:26', '2019-06-30 21:31:26'),
(51, 0, 0, '2019-06-05 00:00:00', '2019-06-26 00:00:00', 'ăŻăźăăłăżă¤ăăŤďźăŻăźăăłăżă¤ăăŤďźăŻăźăăłăżă¤ăăŤďź', 'ăŻăźăăłăżă¤ăăŤďźăŻăźăăłăżă¤ăăŤďźăŻăźăăłăżă¤ăăŤďź\r\năŻăźăăłăżă¤ăăŤďźăŻăźăăłăżă¤ăăŤďźăŻăźăăłăżă¤ăăŤďźăŻăźăăłăżă¤ăăŤďźăŻăźăăłăżă¤ăăŤďźăŻăźăăłăżă¤ăăŤďź', '2019-06-30 21:33:07', '2019-06-30 21:33:07'),
(52, 0, 0, '2019-06-05 00:00:00', '2019-06-26 00:00:00', 'ăŻăźăăłăżă¤ăăŤďźăŻăźăăłăżă¤ăăŤďźăŻăźăăłăżă¤ăăŤďź', 'ăŻăźăăłăżă¤ăăŤďźăŻăźăăłăżă¤ăăŤďźăŻăźăăłăżă¤ăăŤďź\r\năŻăźăăłăżă¤ăăŤďźăŻăźăăłăżă¤ăăŤďźăŻăźăăłăżă¤ăăŤďźăŻăźăăłăżă¤ăăŤďźăŻăźăăłăżă¤ăăŤďźăŻăźăăłăżă¤ăăŤďź', '2019-06-30 21:42:09', '2019-06-30 21:42:09'),
(53, 0, 0, '2019-06-05 00:00:00', '2019-06-26 00:00:00', 'ăŻăźăăłăżă¤ăăŤďźăŻăźăăłăżă¤ăăŤďźăŻăźăăłăżă¤ăăŤďź', 'ăŻăźăăłăżă¤ăăŤďźăŻăźăăłăżă¤ăăŤďźăŻăźăăłăżă¤ăăŤďź\r\năŻăźăăłăżă¤ăăŤďźăŻăźăăłăżă¤ăăŤďźăŻăźăăłăżă¤ăăŤďźăŻăźăăłăżă¤ăăŤďźăŻăźăăłăżă¤ăăŤďźăŻăźăăłăżă¤ăăŤďź', '2019-06-30 21:42:18', '2019-06-30 21:42:18'),
(54, 0, 0, '2019-06-05 00:00:00', '2019-06-26 00:00:00', 'ăŻăźăăłăżă¤ăăŤďźăŻăźăăłăżă¤ăăŤďźăŻăźăăłăżă¤ăăŤďź', 'ăŻăźăăłăżă¤ăăŤďźăŻăźăăłăżă¤ăăŤďźăŻăźăăłăżă¤ăăŤďź\r\năŻăźăăłăżă¤ăăŤďźăŻăźăăłăżă¤ăăŤďźăŻăźăăłăżă¤ăăŤďźăŻăźăăłăżă¤ăăŤďźăŻăźăăłăżă¤ăăŤďźăŻăźăăłăżă¤ăăŤďź', '2019-06-30 21:43:16', '2019-06-30 21:43:16'),
(55, 38, 1, '2019-06-01 00:00:00', '2019-06-26 00:00:00', 'ăŻăźăăłăżă¤ăăŤďźăŻăźăăłăżă¤ăăŤďźăŻăźăăłăżă¤ăăŤďź', 'ăŻăźăăłăżă¤ăăŤďźăŻăźăăłăżă¤ăăŤďźăŻăźăăłăżă¤ăăŤďź\r\năŻăźăăłăżă¤ăăŤďźăŻăźăăłăżă¤ăăŤďźăŻăźăăłăżă¤ăăŤďź\r\năŻăźăăłăżă¤ăăŤďźăŻăźăăłăżă¤ăăŤďźăŻăźăăłăżă¤ăăŤďź', '2019-06-30 21:45:20', '2019-07-30 00:16:59'),
(56, 38, 1, '2019-07-05 00:00:00', '2019-07-23 00:00:00', 'ăŻăźăăł çˇ¨éćźä¸ĺŚçăŻăźăăł çˇ¨éćźä¸ĺŚç', 'ăŻăźăăł çˇ¨éćźä¸ĺŚçăŻăźăăł çˇ¨éćźä¸ĺŚçăŻăźăăł çˇ¨éćźä¸ĺŚçăŻăźăăł çˇ¨éćźä¸ĺŚçăŻăźăăł çˇ¨éćźä¸ĺŚçăŻăźăăł çˇ¨éćźä¸ĺŚçăŻăźăăł çˇ¨éćźä¸ĺŚçăŻăźăăł çˇ¨', '2019-07-30 00:05:03', '2019-07-31 23:44:04'),
(57, 54, 1, '2019-08-08 00:00:00', '2019-09-30 00:00:00', 'ăŚă§ăŤăŤă ăăŞăłăŻ1ćŻăľăźăăš or ćé+10ĺăľăźăăš', 'ĺĽĺşćăŤăăĄăăŽăŻăźăăłăăčŚăăăă ăă¨ăăŚă§ăŤăŤă ăăŞăłăŻ1ćŻăľăźăăšă\r\năžăăŻćéďźďźďźĺĺťśéˇăľăźăăšăŤăŞăăžăă', '2019-08-08 23:31:00', '2019-08-08 23:31:18'),
(58, 56, 1, '2019-08-10 00:00:00', '2020-08-10 00:00:00', 'ĺĺăťăăćé1000ĺOFF', 'ĺĺăťăăćé1000ĺOFFăŤăŞăăžăă\r\nćŻéăĺŠç¨ăă ăă!! ăšăżăăăă­ăŁăšăä¸ĺĺżăăăĺžăĄăăŚăăăžăđââď¸', '2019-08-10 17:31:09', '2019-09-18 19:06:52');

-- --------------------------------------------------------

--
-- ăăźăăŤăŽć§é  `developers`
--

DROP TABLE IF EXISTS `developers`;
CREATE TABLE `developers` (
  `id` int(11) NOT NULL,
  `email` varchar(255) NOT NULL,
  `password` varchar(255) NOT NULL,
  `created` datetime DEFAULT NULL,
  `modified` datetime DEFAULT NULL
) ENGINE=InnoDB DEFAULT CHARSET=utf8;

--
-- ăăźăăŤăŽăăźăżăŽăăłă `developers`
--

INSERT INTO `developers` (`id`, `email`, `password`, `created`, `modified`) VALUES
(2, 'dev3@gmail.com', '$2y$10$nL/kI91hjg11GHNPafsH0OVn9rq5TwMHYmmSEMSaIoGDu.Ua0sCp2', '2019-01-06 21:23:05', '2019-01-13 18:46:10'),
(3, 'dev4@gmail.com', '$2y$10$XcLOtHKPdLvHofbqqbpX1u7/Wiosc5NaTjmHfRTIwEcMQ8Vunw896', '2019-01-11 21:19:43', '2019-01-13 18:47:16');

-- --------------------------------------------------------

--
-- ăăźăăŤăŽć§é  `diarys`
--

DROP TABLE IF EXISTS `diarys`;
CREATE TABLE `diarys` (
  `id` int(11) NOT NULL,
  `cast_id` int(11) NOT NULL,
  `title` varchar(50) NOT NULL,
  `content` varchar(600) NOT NULL,
  `dir` varchar(255) CHARACTER SET utf8 DEFAULT NULL,
  `created` datetime NOT NULL,
  `modified` datetime NOT NULL
) ENGINE=InnoDB DEFAULT CHARSET=utf8mb4;

--
-- ăăźăăŤăŽăăźăżăŽăăłă `diarys`
--

INSERT INTO `diarys` (`id`, `cast_id`, `title`, `content`, `dir`, `created`, `modified`) VALUES
(144, 1, 'ĺąąç°ăćĺ­ďź', 'ĺąąç°ăćĺ­ďź\r\nĺąąç°ăćĺ­ďź\r\nĺąąç°ăćĺ­ďź', '/2019/07/25/20190725_203603', '2019-07-25 20:36:03', '2019-07-25 20:36:03'),
(145, 1, 'ĺąąç°ăćĺ­ďźĺąąç°ăćĺ­ďźĺąąç°ăćĺ­ďźĺąąç°ăćĺ­ďź', 'ĺąąç°ăćĺ­ďźĺąąç°ăćĺ­ďź', '/2019/07/25/20190725_204108', '2019-07-25 20:41:09', '2019-07-25 20:41:09'),
(146, 1, 'ĺąąç°ăćĺ­ďźĺąąç°ăćĺ­ďźĺąąç°ăćĺ­ďźĺąąç°ăćĺ­ďź', 'ĺąąç°ăćĺ­ďźĺąąç°ăćĺ­ďź', '/2019/07/25/20190725_204727', '2019-07-25 20:47:29', '2019-07-25 20:47:29'),
(148, 1, 'OKIYORU GoOKIYORU Go', 'OKIYORU GoOKIYORU GoOKIYORU Go\r\nOKIYORU Go', '/2019/07/25/20190725_211615', '2019-07-25 21:16:17', '2019-07-29 00:56:51'),
(149, 1, 'OKIYORU GoOKIYORU Go', 'OKIYORU ', '/2019/07/25/20190725_211740', '2019-07-25 21:17:41', '2019-07-27 20:30:29'),
(151, 1, 'ăăšăćç¨żăăšăćç¨żăăšăćç¨żăăšăćç¨ż', 'ăăšăćç¨żăăšăćç¨żăăšăćç¨żăăšăćç¨żăăšăćç¨żđđđđđ\r\năăšăćç¨żăăšăćç¨żđđđđđđđđđđđ\r\nđđ\r\nđăăšăćç¨żăăšăćç¨żăăšăćç¨żăăšăćç¨żăăšăćç¨żăăšăćç¨żđđđđđ\r\năăšăćç¨żăăšăćç¨żđđđđđđđđđđđ\r\nđđ\r\nđăăšăćç¨ż', '/2019/07/26/20190726_231704', '2019-07-26 23:17:04', '2019-08-11 22:40:38'),
(152, 54, 'ĺćç¨żă§ăźăďź', 'ĺćç¨żĺćç¨żĺćç¨żĺćç¨żĺćç¨żĺćç¨ż\r\nĺćç¨żĺćç¨żđĺćç¨żĺćç¨żĺćç¨żĺćç¨żĺćç¨żĺćç¨ż\r\nĺćç¨żĺćç¨żđ\r\n\r\nĺćç¨żĺćç¨żĺćç¨żĺćç¨żĺćç¨żĺćç¨ż\r\nĺćç¨żĺćç¨żđ', '/2019/08/11/20190811_165616', '2019-08-11 16:56:16', '2019-08-11 22:30:15'),
(153, 54, 'ćç¨żďźĺçŽăź', 'ĺćç¨żĺćç¨żĺćç¨żĺćç¨żĺćç¨żĺćç¨ż\r\nĺćç¨żĺćç¨żđĺćç¨żĺćç¨żĺćç¨żĺćç¨żĺćç¨żĺćç¨ż\r\n\r\nĺćç¨żĺćç¨żđ\r\n\r\nĺćç¨żĺćç¨żĺćç¨żĺćç¨żĺćç¨żĺćç¨ż\r\nĺćç¨żĺćç¨żĺćç¨żĺćç¨żĺćç¨żĺćç¨żĺćç¨ż\r\nĺćç¨żĺćç¨żđĺćç¨żĺćç¨żĺćç¨żĺćç¨żĺćç¨żĺćç¨ż\r\nĺćç¨żĺćç¨żđ\r\n\r\nĺćç¨żĺćç¨żĺćç¨żĺćç¨żĺćç¨żĺćç¨ż\r\nĺćç¨żĺĺćç¨żĺćç¨żĺćç¨żĺćç¨żĺćç¨żĺćç¨ż\r\nĺćç¨żĺćç¨żđĺćç¨żĺćç¨żĺćç¨żĺćç¨żĺćç¨żĺćç¨ż\r\nĺćç¨żĺćç¨żđ\r\n\r\nĺćç¨żĺćç¨żĺćç¨żĺćç¨ż', '/2019/08/11/20190811_225921', '2019-08-11 22:59:21', '2019-09-08 21:25:34'),
(154, 1, 'äšăăśăăŽćç¨żăźďź', 'äšăăśăăŽćç¨żăźäšăăśăăŽćç¨żăźäšăăśăăŽćç¨żăźäšăăśăăŽćç¨żăźäšăăśăăŽćç¨żăźäšăăśăăŽćç¨żăźäšăăśăăŽćç¨żăźäšăăśăăŽćç¨żăźäšăăśăăŽćç¨żăźäšăăśăăŽćç¨żăźäšăăśăăŽćç¨żăźäšăăśăăŽćç¨żăźäšăăśăăŽćç¨żăźäšăăśăăŽćç¨żăźđĽđĽđĽđĽđĽđĽđĽđĽđĽđĽđĽđĽđĽđĽđĽđĽđĽđĽđĽđĽđĽđĽđĽđĽđĽđĽđĽđĽđĽđĽđĽđĽđĽđĽđĽđĽđĽđĽđĽđĽđĽđĽđĽ', '/2019/08/11/20190811_230316', '2019-08-11 23:03:16', '2019-08-14 00:32:34'),
(155, 1, 'ćĽč¨đćĽč¨đćĽč¨đćĽč¨đćĽ', 'ćĽč¨đćĽč¨đćĽč¨đćĽč¨đćĽč¨đćĽč¨đćĽč¨đćĽč¨đćĽč¨đćĽč¨đćĽč¨đćĽč¨đćĽč¨đćĽč¨đćĽč¨đćĽč¨đćĽč¨đćĽč¨đćĽč¨đćĽč¨đćĽč¨đćĽč¨đćĽč¨đćĽč¨đćĽč¨đćĽč¨đćĽč¨đćĽč¨đćĽč¨đćĽč¨đćĽč¨đćĽč¨đćĽč¨đćĽč¨đćĽč¨đćĽč¨đćĽč¨đćĽč¨đćĽč¨đćĽč¨đćĽč¨đćĽč¨đćĽč¨đćĽč¨đćĽč¨đćĽč¨đćĽč¨đćĽč¨đ', '/2019/08/13/20190813_232147', '2019-08-13 23:21:48', '2019-08-13 23:21:48'),
(156, 1, 'éćŹĄéăŤčĄăŁăŚăăďź', 'ăă¤ăăźăŤăŽçžĺłăĺşăŤčĄăŁăŚăăăăźđşđşđşđşđşđşđşđşđşđşđşđşđşđĽđş\r\n', '/2019/08/14/20190814_002817', '2019-08-14 00:28:17', '2019-08-14 15:57:25'),
(157, 1, 'shah', 'ăĄăăŽăăŞăăă˛ăăăŞă\r\n', '/2019/08/14/20190814_005025', '2019-08-14 00:50:25', '2019-08-14 21:28:21'),
(158, 1, 'ăŚď˝ăŁăŚď˝ď˝ď˝', 'shehshdhdudj\r\n\r\n', '/2019/08/14/20190814_144755', '2019-08-14 14:47:55', '2019-08-14 20:46:48'),
(159, 1, 'test', 'gssdq\r\n\r\n\r\nsqzaa', '/2019/08/14/20190814_145318', '2019-08-14 14:53:18', '2019-08-14 20:42:38'),
(160, 1, 'tet', 'tets', '/2019/08/14/20190814_213009', '2019-08-14 21:30:09', '2019-08-14 21:30:09'),
(161, 1, 'fd', 'fd', '/2019/08/14/20190814_213231', '2019-08-14 21:32:31', '2019-08-14 21:32:31'),
(162, 1, 'fdfdfdfdfdfdfdfdfdfdfdfdfdfdfdfdfdfdfdfdfdfdfdfdf', 'DfESď˝ď˝ď˝', '/2019/08/14/20190814_234916', '2019-08-14 23:49:16', '2019-08-14 23:49:16'),
(163, 35, 'ă˘ăŞăźăćĺąăŞăŞâşă˘ăŞăźăćĺąăŞăŞâşă˘ăŞăźăćĺąăŞăŞâşă˘ăŞăźăćĺąăŞăŞâşă˘ăŞăźăćĺąăŞăŞâş', 'ă˘ăŞăźăćĺąăŞăŞâşă˘ăŞăźăćĺąăŞăŞâşă˘ăŞăźăćĺąăŞăŞâşă˘ăŞăźăćĺąăŞăŞâşă˘ăŞăźăćĺąăŞăŞâşă˘ăŞăźăćĺąăŞăŞâş\r\n\r\n\r\nă˘ăŞăźăćĺąăŞăŞâşă˘ăŞăźăćĺąăŞăŞâşă˘ăŞăźăćĺąăŞăŞâşă˘ăŞăźăćĺąăŞăŞâş\r\n\r\n\r\nă˘ăŞăźăćĺąăŞăŞâşă˘ăŞăźăćĺąăŞăŞâşă˘ăŞăźăćĺąăŞăŞâşă˘ăŞăźăćĺąăŞăŞâşă˘ăŞăźăćĺąăŞăŞâşă˘ăŞăźăćĺąăŞăŞâşă˘ăŞăźăćĺąăŞăŞâşă˘ăŞăźăćĺąăŞăŞâşă˘ăŞăźăćĺąăŞăŞâşă˘ăŞăźăćĺąăŞăŞâşă˘ăŞăźăćĺąăŞăŞâşă˘ăŞăźăćĺąăŞăŞâşă˘ăŞăźăćĺąăŞăŞâşă˘ăŞăźăćĺąăŞăŞâş\r\nă˘ăŞăźăćĺąăŞăŞâşă˘ăŞăźăćĺąăŞăŞâşă˘ăŞăźăćĺąăŞăŞâşă˘ăŞăźăćĺąăŞăŞâş\r\nă˘ăŞăźăćĺąăŞăŞâşă˘ăŞăźăćĺąăŞăŞâşă˘ăŞăźăćĺąăŞăŞâşă˘ăŞăźăćĺąăŞăŞâş\r\n\r\n\r\nă˘ăŞăźăćĺąăŞăŞâşă˘ăŞăźăćĺąăŞăŞâşă˘ăŞăźăćĺąăŞăŞ', '/2019/08/15/20190815_035620', '2019-08-15 03:56:20', '2019-08-15 21:10:01'),
(164, 53, 'ĺćç¨żďź', 'ĺćç¨żďźĺćç¨żďźĺćç¨żďźĺćç¨żďźĺćç¨żďźĺćç¨żďźĺćç¨żďźĺćç¨żďźĺćç¨żďźĺćç¨żďźĺćç¨żďźĺćç¨żďźĺćç¨żďźĺćç¨żďźĺćç¨żďźĺćç¨żďźĺćç¨żďźĺćç¨żďź\r\n\r\nĺćç¨żďźĺćç¨żďźĺćç¨żďźĺćç¨żďźĺćç¨żďźĺćç¨żďźĺćç¨żďźĺćç¨żďźĺćç¨żďź\r\n\r\n\r\n\r\nĺćç¨żďźĺćç¨żďźĺćç¨żďźĺćç¨żďź', '/2019/09/01/20190901_160348', '2019-09-01 16:03:50', '2019-09-01 16:03:50'),
(166, 53, 'ĺćç¨żďźďźĺćç¨żďźďźĺćç¨żďźďźĺćç¨żďźďźĺćç¨żďźďź', 'ĺćç¨żďźďźĺćç¨żďźďźĺćç¨żďźďźĺćç¨żďźďź', '/2019/09/03/20190903_211229', '2019-09-03 21:12:29', '2019-09-03 21:12:29'),
(167, 54, 'ćç¨żďźĺçŽăź', 'ćç¨żďźĺçŽăź\r\n\r\nĺćç¨żĺćç¨żĺćç¨żĺćç¨żĺćç¨żĺćç¨ż\r\nĺćç¨żĺćç¨żđĺćç¨żĺćç¨żĺćç¨żĺćç¨żĺćç¨żĺćç¨ż\r\n\r\nĺćç¨żĺćç¨żđ\r\n\r\nĺćç¨żĺćç¨żĺćç¨żĺćç¨żĺćç¨żĺćç¨ż\r\nĺćç¨żĺćç¨żĺćç¨żĺćç¨żĺćç¨żĺćç¨żĺćç¨ż\r\nĺćç¨żĺćç¨żđĺćç¨żĺćç¨żĺćç¨żĺćç¨żĺćç¨żĺćç¨ż\r\nĺćç¨żĺćç¨żđ\r\n\r\nĺćç¨żĺćç¨żĺćç¨żĺćç¨żĺćç¨żĺćç¨ż\r\nĺćç¨żĺĺćç¨żĺćç¨żĺćç¨żĺćç¨żĺćç¨żĺćç¨ż\r\nĺćç¨żĺćç¨żđĺćç¨żĺćç¨żĺćç¨żĺćç¨żĺćç¨żĺćç¨ż\r\nĺćç¨żĺćç¨żđ\r\n\r\nĺćç¨żĺćç¨żĺćç¨żĺćç¨ż', '/2019/09/28/20190928_214908', '2019-09-28 21:49:09', '2019-09-28 21:49:09');

-- --------------------------------------------------------

--
-- ăăźăăŤăŽć§é  `diary_likes`
--

DROP TABLE IF EXISTS `diary_likes`;
CREATE TABLE `diary_likes` (
  `id` int(11) NOT NULL,
  `diary_id` int(11) NOT NULL,
  `cast_id` int(11) NOT NULL,
  `user_id` int(11) NOT NULL,
  `created` datetime NOT NULL,
  `modified` datetime NOT NULL
) ENGINE=InnoDB DEFAULT CHARSET=utf8;

--
-- ăăźăăŤăŽăăźăżăŽăăłă `diary_likes`
--

INSERT INTO `diary_likes` (`id`, `diary_id`, `cast_id`, `user_id`, `created`, `modified`) VALUES
(1, 164, 53, 1, '0000-00-00 00:00:00', '0000-00-00 00:00:00');

-- --------------------------------------------------------

--
-- ăăźăăŤăŽć§é  `event_types`
--

DROP TABLE IF EXISTS `event_types`;
CREATE TABLE `event_types` (
  `id` int(11) NOT NULL,
  `name` varchar(20) CHARACTER SET utf8 COLLATE utf8_unicode_ci NOT NULL,
  `color` varchar(255) CHARACTER SET utf8 COLLATE utf8_unicode_ci NOT NULL
) ENGINE=InnoDB DEFAULT CHARSET=utf8;

-- --------------------------------------------------------

--
-- ăăźăăŤăŽć§é  `jobs`
--

DROP TABLE IF EXISTS `jobs`;
CREATE TABLE `jobs` (
  `id` int(11) NOT NULL,
  `shop_id` int(11) NOT NULL,
  `industry` varchar(30) DEFAULT NULL,
  `job_type` varchar(30) DEFAULT NULL,
  `work_from_time` time DEFAULT NULL,
  `work_to_time` time DEFAULT NULL,
  `work_time_hosoku` varchar(50) DEFAULT NULL,
  `from_age` varchar(2) DEFAULT NULL,
  `to_age` varchar(2) DEFAULT NULL,
  `qualification_hosoku` varchar(50) DEFAULT NULL,
  `holiday` varchar(50) DEFAULT NULL,
  `holiday_hosoku` varchar(50) DEFAULT NULL,
  `treatment` varchar(255) DEFAULT NULL,
  `pr` varchar(400) CHARACTER SET utf8mb4 DEFAULT NULL,
  `tel1` varchar(15) DEFAULT NULL,
  `tel2` varchar(15) DEFAULT NULL,
  `email` varchar(255) DEFAULT NULL,
  `lineid` varchar(20) DEFAULT NULL,
  `created` datetime NOT NULL,
  `modified` datetime NOT NULL
) ENGINE=InnoDB DEFAULT CHARSET=utf8;

--
-- ăăźăăŤăŽăăźăżăŽăăłă `jobs`
--

INSERT INTO `jobs` (`id`, `shop_id`, `industry`, `job_type`, `work_from_time`, `work_to_time`, `work_time_hosoku`, `from_age`, `to_age`, `qualification_hosoku`, `holiday`, `holiday_hosoku`, `treatment`, `pr`, `tel1`, `tel2`, `email`, `lineid`, `created`, `modified`) VALUES
(1, 38, 'ćéĺś(ă­ăŁăăŻăŠ)', 'ăŹăăŁăšăżăăăťă­ăŁăšă', '21:00:00', NULL, 'work_time_hosoku', '21', '24', 'qualification_hosoku', 'ć°´,ć¨,é,ćĽ', 'holiday_hosoku', 'éčżăă,ĺäşşă­ăăŤăźăă', 'PRćPRćPRćPRćPRćPRćPRć\r\nPRćPRćPRćPRćPRćPRćPRćPRćPRćPRćPRćPRćPRćPRć\r\nPRćPRćPRćPRćPRćPRćPRć', '09037968838', '08037968838', 't.takuma830@gmail.com', 'testLINEID', '2019-03-20 00:06:19', '2019-08-10 11:38:08'),
(2, 39, NULL, NULL, NULL, NULL, NULL, NULL, NULL, NULL, NULL, NULL, NULL, NULL, NULL, NULL, '', '', '0000-00-00 00:00:00', '0000-00-00 00:00:00'),
(101, 54, 'ćéĺś(ă­ăŁăăŻăŠ)', 'ăŹăăŁăšăżăăăťă­ăŁăšă', '21:00:00', NULL, 'ćéç¸čŤăŤĺżăăžă 1ćĽ2ď˝3ćéăŽĺ¤ĺăOKă§ă', '20', '30', 'âťĺĺżčĺ¤§ć­čż', 'ĺ', '	ĺ¤ĺćĽć°ăŻăăžăăăăžăă', 'ä˝é¨ĺĽĺşăă,ćĽćăĺŻ,ăŹăłăżăŤčĄŁčŁăă,ăăŤăăŞă,ćŞçľé¨čć­čż,ĺç¨ŽăăăŻăă,éčżăă,çľé¨čĺŞé,ăăŹăšăťĺśćč˛¸ä¸ăă', 'ćľŚćˇťă¨ăŞă˘ăŽäşşć°ĺş!! ăä˝é¨äżč¨źćçľŚ3,000ĺă ćŞçľé¨čĺ¤§ć­čż!ĺ¨çąä¸­ă­ăŁăšăăŽăťă¨ăăŠăćăćăĄăéą1ď˝3ĺşĺ¤ăŞăŠ čŞĺăŤĺăŁăăšăżă¤ăŤă§ĺăăŚăăăžăăč˛´ĺĽłăćŻéăä˝é¨ĺĽĺşăă§ăčŠŚăä¸ăă! ćăćăĄăŞăăąăź(ćăćăĄăŽćšăĺ¤ć°ĺ¨çąăăŚăžă) ĺłćĽä˝é¨ĺĽĺşOKăăšăżăăĺ°ç¨é§čťĺ ´ĺŽĺ(30ĺ°) ăééŁ˛ăžăŞăăŚăOK(čťă§ĺşĺ¤ăăŚéŁ˛ăžăăŤăäťäşăăćšăĺ¤ăă§ăă!) éčżăăăăžă!', '09097874621', '0988786792', NULL, 'kaitok0502', '2019-08-07 23:56:04', '2019-08-10 14:50:33'),
(102, 55, 'ăŹăźăŤăşăăź', 'ăŤăŚăłăżăźăŹăăŁ', '20:00:00', NULL, 'âťćéç¸čŤăŤĺżăăžăăďźď˝ď˝ăŽç­ćéă§ăOK', '18', '30', 'âťĺĺżčăťĺ­Śçăťä¸ťĺŠŚăťăˇăłă°ăŤăăśăźĺ¤§ć­čż', NULL, 'éąďźćĽď˝ĺ¤ĺďźŻďźŤăéąćŤăŽăżă§ăďźŻďźŤ', 'ćĽćăĺŻ,ĺç¨ŽăăăŻăă,ăăŤăăŞă,éčżăă,ćŞçľé¨čć­čż', 'ćĽ˝ăăĺăăŞăăăďź ăžă ăžă ăŞăźăăłăăă°ăăăŽăŹăźăŤăşăăźă§ăâŞ ćçľŚďź,ďźďźďźĺď˝ďź,ďźďźďźĺäťĽä¸ďź ĺŽĺ¨ćĽćăĺś!! éčżćăďźä¸­ĺé¨ďź ăĺéĺĺŁŤăŽĺżĺăä¸ćĽä˝é¨ăăŞăăąă¤ă§ăâŞ ć°čť˝ăŤăĺăĺăăăă ăăâŞďźź(^o^)ďź', '09068653218', '', NULL, '', '2019-08-10 15:16:08', '2019-08-10 16:29:44'),
(105, 63, NULL, NULL, NULL, NULL, NULL, NULL, NULL, NULL, NULL, NULL, NULL, NULL, NULL, NULL, NULL, NULL, '2019-08-18 19:24:23', '2019-08-18 19:24:23'),
(106, 56, 'ćéĺś(ă­ăŁăăŻăŠ)', 'ăŹăăŁăšăżăăăťă­ăŁăšă', '21:00:00', NULL, '21:00ď˝LASTăžă§ăŽéă§ăĺĽ˝ăăŞćé', '18', '35', 'ďźéŤć Ąçä¸ĺŻďź', NULL, '', 'ä˝é¨ĺĽĺşăă,ăĺéă¨ä¸çˇăŤé˘ćĽĺŻ,ćŞçľé¨čć­čż,éąćŤăŽăżĺŻ,ăăŤăăŞă,ăŹăłăżăŤčĄŁčŁăă,éąďźăăĺŻ,ĺ¤§ĺéŁäźăă,ă˘ăăŹăźăŤé§ăăăă,ćĽćăĺŻ,éčżăă,çľŚä¸ćŻçľŚ2ĺ,ăă˘ăĄă¤ăŻăă,ĺç¨ŽăăăŻăă,çľé¨čĺŞé,ăăŹăšăťĺśćč˛¸ä¸ăă,ĺäşşă­ăăŤăźăă,ĺéç´šäťćăă', 'ĺăăžăăŚăĺşéˇăŽäťç§ă§ăă\r\nćąäşşăčŚăŚăăă ăăăăă¨ăăăăăžă(^^)\r\nĺ°ăŞăăăăăŽăăźă ăăźă¸ăéăăăăŽçŹéăŻćĺžă¨ä¸ĺŽăĺĽăćˇˇăăŁăŚăăăă¨ćăăžăďź\r\năžăăćŞçľé¨ăŽćšăŻăăăŤä¸ć­Šăč¸ăżĺşăăŞăăăŞăăŚăă¨ăăăăžăăă­ďź\r\nĺčŞčşŤăĺăçľé¨ăăăăžăăŽă§ä¸ć­Šč¸ăżĺşăĺć°ăăŠăăťăŠĺ¤§ĺ¤ăŞăŽăăăăăžăďź\r\nă ăăăăä¸ĺşŚĺć°ăĺşăăŚéťčŠąăä¸ăăďź\r\năăŁăăăăĺŻžĺżăăľăăźăăăăăŚăăă ăăžăăŽă§ăŠăăŞĺ°ăăŞăă¨ă§ăăć°čť˝ăŤĺăĺăăăŽăťăăăăŚăăŚăă ăăďź\r\năĺžăĄăăŚăăžă(^_^)', '0120596307', '', NULL, '', '0000-00-00 00:00:00', '2019-08-25 16:30:11');

-- --------------------------------------------------------

--
-- ăăźăăŤăŽć§é  `master_codes`
--

DROP TABLE IF EXISTS `master_codes`;
CREATE TABLE `master_codes` (
  `id` int(11) NOT NULL,
  `code` varchar(255) NOT NULL,
  `code_name` varchar(255) NOT NULL,
  `code_group` varchar(255) NOT NULL,
  `sort` int(11) NOT NULL,
  `delete_flag` char(1) DEFAULT NULL,
  `created` datetime NOT NULL,
  `modified` datetime NOT NULL
) ENGINE=InnoDB DEFAULT CHARSET=utf8;

--
-- ăăźăăŤăŽăăźăżăŽăăłă `master_codes`
--

INSERT INTO `master_codes` (`id`, `code`, `code_name`, `code_group`, `sort`, `delete_flag`, `created`, `modified`) VALUES
(1, 'naha', 'éŁčŚ', 'area', 1, NULL, '2019-01-06 21:23:05', '2019-01-13 18:46:10'),
(2, 'tomigusuku', 'čąčŚĺ', 'area', 2, NULL, '2019-01-06 21:23:05', '2019-01-13 18:46:10'),
(3, 'nanjo', 'ĺĺ', 'area', 3, NULL, '2019-01-06 21:23:05', '2019-01-13 18:46:10'),
(4, 'itoman', 'çł¸ćş', 'area', 4, NULL, '2019-01-06 21:23:05', '2019-01-13 18:46:10'),
(5, 'urasoe', 'ćľŚćˇť', 'area', 5, NULL, '2019-01-06 21:23:05', '2019-01-13 18:46:10'),
(6, 'ginowan', 'ĺŽéćšž', 'area', 6, NULL, '2019-01-06 21:23:05', '2019-01-13 18:46:10'),
(7, 'okinawashi', 'ć˛ç¸ĺ¸', 'area', 7, NULL, '2019-01-06 21:23:05', '2019-01-13 18:46:10'),
(8, 'uruma', 'ăăăž', 'area', 8, NULL, '2019-01-06 21:23:05', '2019-01-13 18:46:10'),
(9, 'nago', 'ĺč­ˇ', 'area', 9, NULL, '2019-01-06 21:23:05', '2019-01-13 18:46:10'),
(10, 'miyakojima', 'ĺŽŽĺ¤ĺłś', 'area', 10, NULL, '2019-01-06 21:23:05', '2019-01-13 18:46:10'),
(11, 'ishigakijima', 'çłĺŁĺłś', 'area', 11, NULL, '2019-01-06 21:23:05', '2019-01-13 18:46:10'),
(12, 'cabacula', 'ă­ăŁăăŻăŠ', 'genre', 1, NULL, '2019-01-06 21:23:05', '2019-01-13 18:46:10'),
(13, 'girlsbar', 'ăŹăźăŤăşăăź', 'genre', 2, NULL, '2019-01-06 21:23:05', '2019-01-13 18:46:10'),
(14, 'snack', 'ăšăăăŻ', 'genre', 3, NULL, '2019-01-06 21:23:05', '2019-01-13 18:46:10'),
(15, 'club', 'ăŻăŠă', 'genre', 4, NULL, '2019-01-06 21:23:05', '2019-01-13 18:46:10'),
(16, 'lounge', 'ăŠăŚăłă¸', 'genre', 5, NULL, '2019-01-06 21:23:05', '2019-01-13 18:46:10'),
(17, 'pub', 'ăă', 'genre', 6, NULL, '2019-01-06 21:23:05', '2019-01-13 18:46:10'),
(18, 'bar', 'ăăź', 'genre', 7, NULL, '2019-01-06 21:23:05', '2019-01-13 18:46:10'),
(19, 'MasterCard', 'ăăšăżăźăŤăźă', 'credit', 1, NULL, '2019-01-06 21:23:05', '2019-01-13 18:46:10'),
(20, 'VISA', 'ăăľ', 'credit', 2, NULL, '2019-01-06 21:23:05', '2019-01-13 18:46:10'),
(21, 'JCB', 'ă¸ă§ă¤ăˇăźăăź', 'credit', 3, NULL, '2019-01-06 21:23:05', '2019-01-13 18:46:10'),
(22, 'AmericanExpress', 'ă˘ăĄăŞăŤăłăťă¨ăŻăšăăŹăš', 'credit', 4, NULL, '2019-01-06 21:23:05', '2019-01-13 18:46:10'),
(23, 'Diners', 'ăă¤ăăźăš', 'credit', 5, NULL, '2019-01-06 21:23:05', '2019-01-13 18:46:10'),
(24, 'time_caba', 'ćéĺś(ă­ăŁăăŻăŠ)', 'industry', 1, NULL, '2019-01-06 21:23:05', '2019-01-13 18:46:10'),
(25, 'time_snack', 'ćéĺś(ăšăăăŻ))', 'industry', 2, NULL, '2019-01-06 21:23:05', '2019-01-13 18:46:10'),
(26, 'time_lounge', 'ćéĺś(ăŠăŚăłă¸)', 'industry', 3, NULL, '2019-01-06 21:23:05', '2019-01-13 18:46:10'),
(27, 'time_club', 'ćéĺś(ăŻăŠă)', 'industry', 4, NULL, '2019-01-06 21:23:05', '2019-01-13 18:46:10'),
(28, 'bottle_caba', 'ăăăŤĺś(ă­ăŁăăŻăŠ)', 'industry', 5, NULL, '2019-01-06 21:23:05', '2019-01-13 18:46:10'),
(29, 'bottle_snack', 'ăăăŤĺś(ăšăăăŻ))', 'industry', 6, NULL, '2019-01-06 21:23:05', '2019-01-13 18:46:10'),
(30, 'bottle_lounge', 'ăăăŤĺś(ăŠăŚăłă¸)', 'industry', 7, NULL, '2019-01-06 21:23:05', '2019-01-13 18:46:10'),
(31, 'bottle_club', 'ăăăŤĺś(ăŻăŠă)', 'industry', 8, NULL, '2019-01-06 21:23:05', '2019-01-13 18:46:10'),
(32, 'girsbar', 'ăŹăźăŤăşăăź', 'industry', 9, NULL, '2019-01-06 21:23:05', '2019-01-13 18:46:10'),
(33, 'bar', 'ăăź', 'industry', 10, NULL, '2019-01-06 21:23:05', '2019-01-13 18:46:10'),
(34, 'job_type1', 'ăŹăăŁăšăżăăăťă­ăŁăšă', 'job_type', 1, NULL, '2019-01-06 21:23:05', '2019-01-13 18:46:10'),
(35, 'job_type2', 'ăŤăŚăłăżăźăŹăăŁ', 'job_type', 2, NULL, '2019-01-06 21:23:05', '2019-01-13 18:46:10'),
(36, 'job_type3', 'ăăăťăăźăă', 'job_type', 3, NULL, '2019-01-06 21:23:05', '2019-01-13 18:46:10'),
(37, 'job_type4', 'ăăźăăłăăź', 'job_type', 4, NULL, '2019-01-06 21:23:05', '2019-01-13 18:46:10'),
(38, 'job_type5', 'ĺššé¨ĺčŁăťĺşéˇĺčŁ', 'job_type', 5, NULL, '2019-01-06 21:23:05', '2019-01-13 18:46:10'),
(39, 'job_type6', 'ă­ăăăłăšăżăă', 'job_type', 6, NULL, '2019-01-06 21:23:05', '2019-01-13 18:46:10'),
(40, 'job_type7', 'éčżăšăżăă', 'job_type', 7, NULL, '2019-01-06 21:23:05', '2019-01-13 18:46:10'),
(41, 'treatment1', 'ä˝é¨ĺĽĺşăă', 'treatment', 1, NULL, '2019-01-06 21:23:05', '2019-01-13 18:46:10'),
(42, 'treatment2', 'ăĺéă¨ä¸çˇăŤé˘ćĽĺŻ', 'treatment', 2, NULL, '2019-01-06 21:23:05', '2019-01-13 18:46:10'),
(43, 'treatment3', 'éąćŤăŽăżĺŻ', 'treatment', 3, NULL, '2019-01-06 21:23:05', '2019-01-13 18:46:10'),
(44, 'treatment4', 'éąďźăăĺŻ', 'treatment', 4, NULL, '2019-01-06 21:23:05', '2019-01-13 18:46:10'),
(45, 'treatment5', 'ĺ¤§ĺéŁäźăă', 'treatment', 5, NULL, '2019-01-06 21:23:05', '2019-01-13 18:46:10'),
(46, 'treatment6', 'ćĽćăĺŻ', 'treatment', 6, NULL, '2019-01-06 21:23:05', '2019-01-13 18:46:10'),
(47, 'treatment7', 'çľŚä¸ćŻçľŚ2ĺ', 'treatment', 7, NULL, '2019-01-06 21:23:05', '2019-01-13 18:46:10'),
(48, 'treatment8', 'ĺç¨ŽăăăŻăă', 'treatment', 8, NULL, '2019-01-06 21:23:05', '2019-01-13 18:46:10'),
(49, 'treatment9', 'ĺéç´šäťćăă', 'treatment', 9, NULL, '2019-01-06 21:23:05', '2019-01-13 18:46:10'),
(50, 'treatment10', 'ćŞçľé¨čć­čż', 'treatment', 10, NULL, '2019-01-06 21:23:05', '2019-01-13 18:46:10'),
(51, 'treatment11', 'ăăŤăăŞă', 'treatment', 11, NULL, '2019-01-06 21:23:05', '2019-01-13 18:46:10'),
(52, 'treatment12', 'ăŹăłăżăŤčĄŁčŁăă', 'treatment', 12, NULL, '2019-01-06 21:23:05', '2019-01-13 18:46:10'),
(53, 'treatment13', 'ă˘ăăŹăźăŤé§ăăăă', 'treatment', 13, NULL, '2019-01-06 21:23:05', '2019-01-13 18:46:10'),
(54, 'treatment14', 'éčżăă', 'treatment', 14, NULL, '2019-01-06 21:23:05', '2019-01-13 18:46:10'),
(55, 'treatment15', 'ăă˘ăĄă¤ăŻăă', 'treatment', 15, NULL, '2019-01-06 21:23:05', '2019-01-13 18:46:10'),
(56, 'treatment16', 'çľé¨čĺŞé', 'treatment', 16, NULL, '2019-01-06 21:23:05', '2019-01-13 18:46:10'),
(57, 'treatment17', 'ăăŹăšăťĺśćč˛¸ä¸ăă', 'treatment', 17, NULL, '2019-01-06 21:23:05', '2019-01-13 18:46:10'),
(58, 'treatment18', 'ĺäşşă­ăăŤăźăă', 'treatment', 18, NULL, '2019-01-06 21:23:05', '2019-01-13 18:46:10'),
(59, 'monday', 'ć', 'day', 1, NULL, '2019-01-06 21:23:05', '2019-01-13 18:46:10'),
(60, 'tuesday', 'çŤ', 'day', 2, NULL, '2019-01-06 21:23:05', '2019-01-13 18:46:10'),
(61, 'wednesday', 'ć°´', 'day', 3, NULL, '2019-01-06 21:23:05', '2019-01-13 18:46:10'),
(62, 'thursday', 'ć¨', 'day', 4, NULL, '2019-01-06 21:23:05', '2019-01-13 18:46:10'),
(63, 'friday', 'é', 'day', 5, NULL, '2019-01-06 21:23:05', '2019-01-13 18:46:10'),
(64, 'saturday', 'ĺ', 'day', 6, NULL, '2019-01-06 21:23:05', '2019-01-13 18:46:10'),
(65, 'sunday', 'ćĽ', 'day', 7, NULL, '2019-01-06 21:23:05', '2019-01-13 18:46:10'),
(66, '00:00', '00:00', 'time', 1, NULL, '2019-01-06 21:23:05', '2019-01-13 18:46:10'),
(67, '00:30', '00:30', 'time', 2, NULL, '2019-01-06 21:23:05', '2019-01-13 18:46:10'),
(68, '01:00', '01:00', 'time', 3, NULL, '2019-01-06 21:23:05', '2019-01-13 18:46:10'),
(69, '01:30', '01:30', 'time', 4, NULL, '2019-01-06 21:23:05', '2019-01-13 18:46:10'),
(70, '02:00', '02:00', 'time', 5, NULL, '2019-01-06 21:23:05', '2019-01-13 18:46:10'),
(71, '02:30', '02:30', 'time', 6, NULL, '2019-01-06 21:23:05', '2019-01-13 18:46:10'),
(72, '03:00', '03:00', 'time', 7, NULL, '2019-01-06 21:23:05', '2019-01-13 18:46:10'),
(73, '03:30', '03:30', 'time', 8, NULL, '2019-01-06 21:23:05', '2019-01-13 18:46:10'),
(74, '04:00', '04:00', 'time', 9, NULL, '2019-01-06 21:23:05', '2019-01-13 18:46:10'),
(75, '04:30', '04:30', 'time', 10, NULL, '2019-01-06 21:23:05', '2019-01-13 18:46:10'),
(76, '05:00', '05:00', 'time', 11, NULL, '2019-01-06 21:23:05', '2019-01-13 18:46:10'),
(77, '05:30', '05:30', 'time', 12, NULL, '2019-01-06 21:23:05', '2019-01-13 18:46:10'),
(78, '06:00', '06:00', 'time', 13, NULL, '2019-01-06 21:23:05', '2019-01-13 18:46:10'),
(79, '06:30', '06:30', 'time', 14, NULL, '2019-01-06 21:23:05', '2019-01-13 18:46:10'),
(80, '07:00', '07:00', 'time', 15, NULL, '2019-01-06 21:23:05', '2019-01-13 18:46:10'),
(81, '07:30', '07:30', 'time', 16, NULL, '2019-01-06 21:23:05', '2019-01-13 18:46:10'),
(82, '08:00', '08:00', 'time', 17, NULL, '2019-01-06 21:23:05', '2019-01-13 18:46:10'),
(83, '08:30', '08:30', 'time', 18, NULL, '2019-01-06 21:23:05', '2019-01-13 18:46:10'),
(84, '09:00', '09:00', 'time', 19, NULL, '2019-01-06 21:23:05', '2019-01-13 18:46:10'),
(85, '09:30', '09:30', 'time', 20, NULL, '2019-01-06 21:23:05', '2019-01-13 18:46:10'),
(86, '10:00', '10:00', 'time', 21, NULL, '2019-01-06 21:23:05', '2019-01-13 18:46:10'),
(87, '10:30', '10:30', 'time', 22, NULL, '2019-01-06 21:23:05', '2019-01-13 18:46:10'),
(88, '11:00', '11:00', 'time', 23, NULL, '2019-01-06 21:23:05', '2019-01-13 18:46:10'),
(89, '11:30', '11:30', 'time', 24, NULL, '2019-01-06 21:23:05', '2019-01-13 18:46:10'),
(90, '12:00', '12:00', 'time', 25, NULL, '2019-01-06 21:23:05', '2019-01-13 18:46:10'),
(91, '12:30', '12:30', 'time', 26, NULL, '2019-01-06 21:23:05', '2019-01-13 18:46:10'),
(92, '13:00', '13:00', 'time', 27, NULL, '2019-01-06 21:23:05', '2019-01-13 18:46:10'),
(93, '13:30', '13:30', 'time', 28, NULL, '2019-01-06 21:23:05', '2019-01-13 18:46:10'),
(94, '14:00', '14:00', 'time', 29, NULL, '2019-01-06 21:23:05', '2019-01-13 18:46:10'),
(95, '14:30', '14:30', 'time', 30, NULL, '2019-01-06 21:23:05', '2019-01-13 18:46:10'),
(96, '15:00', '15:00', 'time', 31, NULL, '2019-01-06 21:23:05', '2019-01-13 18:46:10'),
(97, '15:30', '15:30', 'time', 32, NULL, '2019-01-06 21:23:05', '2019-01-13 18:46:10'),
(98, '16:00', '16:00', 'time', 33, NULL, '2019-01-06 21:23:05', '2019-01-13 18:46:10'),
(99, '16:30', '16:30', 'time', 34, NULL, '2019-01-06 21:23:05', '2019-01-13 18:46:10'),
(100, '17:00', '17:00', 'time', 35, NULL, '2019-01-06 21:23:05', '2019-01-13 18:46:10'),
(101, '17:30', '17:30', 'time', 36, NULL, '2019-01-06 21:23:05', '2019-01-13 18:46:10'),
(102, '18:00', '18:00', 'time', 37, NULL, '2019-01-06 21:23:05', '2019-01-13 18:46:10'),
(103, '18:30', '18:30', 'time', 38, NULL, '2019-01-06 21:23:05', '2019-01-13 18:46:10'),
(104, '19:00', '19:00', 'time', 39, NULL, '2019-01-06 21:23:05', '2019-01-13 18:46:10'),
(105, '19:30', '19:30', 'time', 40, NULL, '2019-01-06 21:23:05', '2019-01-13 18:46:10'),
(106, '20:00', '20:00', 'time', 41, NULL, '2019-01-06 21:23:05', '2019-01-13 18:46:10'),
(107, '20:30', '20:30', 'time', 42, NULL, '2019-01-06 21:23:05', '2019-01-13 18:46:10'),
(108, '21:00', '21:00', 'time', 43, NULL, '2019-01-06 21:23:05', '2019-01-13 18:46:10'),
(109, '21:30', '21:30', 'time', 44, NULL, '2019-01-06 21:23:05', '2019-01-13 18:46:10'),
(110, '22:00', '22:00', 'time', 45, NULL, '2019-01-06 21:23:05', '2019-01-13 18:46:10'),
(111, '22:30', '22:30', 'time', 46, NULL, '2019-01-06 21:23:05', '2019-01-13 18:46:10'),
(112, '23:00', '23:00', 'time', 47, NULL, '2019-01-06 21:23:05', '2019-01-13 18:46:10'),
(113, '23:30', '23:30', 'time', 48, NULL, '2019-01-06 21:23:05', '2019-01-13 18:46:10'),
(114, 'constellation1', 'ăă˛ă¤ăĺş§', 'constellation', 1, NULL, '2019-01-06 21:23:05', '2019-01-13 18:46:10'),
(115, 'constellation2', 'ăăăĺş§', 'constellation', 2, NULL, '2019-01-06 21:23:05', '2019-01-13 18:46:10'),
(116, 'constellation3', 'ăľăăĺş§', 'constellation', 3, NULL, '2019-01-06 21:23:05', '2019-01-13 18:46:10'),
(117, 'constellation4', 'ăăŤĺş§', 'constellation', 4, NULL, '2019-01-06 21:23:05', '2019-01-13 18:46:10'),
(118, 'constellation5', 'ăăĺş§', 'constellation', 5, NULL, '2019-01-06 21:23:05', '2019-01-13 18:46:10'),
(119, 'constellation6', 'ăă¨ăĺş§', 'constellation', 6, NULL, '2019-01-06 21:23:05', '2019-01-13 18:46:10'),
(120, 'constellation7', 'ăŚăăłăĺş§', 'constellation', 7, NULL, '2019-01-06 21:23:05', '2019-01-13 18:46:10'),
(121, 'constellation8', 'ăăăĺş§', 'constellation', 8, NULL, '2019-01-06 21:23:05', '2019-01-13 18:46:10'),
(122, 'constellation9', 'ăăŚĺş§', 'constellation', 9, NULL, '2019-01-06 21:23:05', '2019-01-13 18:46:10'),
(123, 'constellation10', 'ăăĺş§', 'constellation', 10, NULL, '2019-01-06 21:23:05', '2019-01-13 18:46:10'),
(124, 'constellation11', 'ăżăăăĺş§', 'constellation', 11, NULL, '2019-01-06 21:23:05', '2019-01-13 18:46:10'),
(125, 'constellation12', 'ăăĺş§', 'constellation', 11, NULL, '2019-01-06 21:23:05', '2019-01-13 18:46:10'),
(126, 'blood_type1', 'Aĺ', 'blood_type', 1, NULL, '2019-01-06 21:23:05', '2019-01-13 18:46:10'),
(127, 'blood_type2', 'Bĺ', 'blood_type', 2, NULL, '2019-01-06 21:23:05', '2019-01-13 18:46:10'),
(128, 'blood_type3', 'Oĺ', 'blood_type', 3, NULL, '2019-01-06 21:23:05', '2019-01-13 18:46:10'),
(129, 'blood_type4', 'ABĺ', 'blood_type', 4, NULL, '2019-01-06 21:23:05', '2019-01-13 18:46:10'),
(130, 'work', 'äťäş', 'event', 1, NULL, '2019-01-06 21:23:05', '2019-01-13 18:46:10'),
(131, 'holiday', 'äźăż', 'event', 1, NULL, '2019-01-06 21:23:05', '2019-01-13 18:46:10');

-- --------------------------------------------------------

--
-- ăăźăăŤăŽć§é  `master_role`
--

DROP TABLE IF EXISTS `master_role`;
CREATE TABLE `master_role` (
  `id` int(11) NOT NULL,
  `role` varchar(64) NOT NULL COMMENT 'ă­ăźăŤĺ',
  `role_name` varchar(64) NOT NULL COMMENT 'ă­ăźăŤĺ',
  `created` datetime NOT NULL,
  `modified` datetime NOT NULL
) ENGINE=InnoDB DEFAULT CHARSET=utf8 COMMENT='ă­ăźăŤ';

--
-- ăăźăăŤăŽăăźăżăŽăăłă `master_role`
--

INSERT INTO `master_role` (`id`, `role`, `role_name`, `created`, `modified`) VALUES
(1, 'owner', 'ăŞăźăăź', '2019-01-06 21:23:05', '2019-01-13 18:46:10'),
(2, 'shop', 'ăăăźă¸ăŁăź', '2019-01-06 21:23:05', '2019-01-13 18:46:10'),
(3, 'cast', 'ă­ăŁăšă', '2019-01-06 21:23:05', '2019-01-13 18:46:10'),
(4, 'user', 'ăŚăźăśăź', '2019-01-06 21:23:05', '2019-01-13 18:46:10');

-- --------------------------------------------------------

--
-- ăăźăăŤăŽć§é  `owners`
--

DROP TABLE IF EXISTS `owners`;
CREATE TABLE `owners` (
  `id` int(11) NOT NULL,
  `name` varchar(45) NOT NULL,
  `icon` varchar(100) DEFAULT NULL,
  `role` varchar(10) NOT NULL,
  `tel` varchar(15) NOT NULL,
  `email` varchar(255) NOT NULL,
  `password` varchar(255) NOT NULL,
  `gender` int(1) NOT NULL,
  `age` varchar(5) NOT NULL,
  `dir` varchar(255) DEFAULT NULL,
  `remember_token` varchar(64) DEFAULT NULL,
  `status` int(11) DEFAULT '0',
  `created` datetime DEFAULT NULL,
  `modified` datetime DEFAULT NULL
) ENGINE=InnoDB DEFAULT CHARSET=utf8;

--
-- ăăźăăŤăŽăăźăżăŽăăłă `owners`
--

INSERT INTO `owners` (`id`, `name`, `icon`, `role`, `tel`, `email`, `password`, `gender`, `age`, `dir`, `remember_token`, `status`, `created`, `modified`) VALUES
(1, '', NULL, 'owner', '', 't.takuma830@gmail.com', '$2y$10$IvHwLrvdmHfFQgw88nlOD.DD1jnVFy52vG.auT04dLts3W1c2xcxu', 0, '', NULL, NULL, 0, '2019-03-23 10:38:14', '2019-03-23 10:38:14'),
(57, '', NULL, 'owner', '', 'okiyoru99@gmail.com', '$2y$10$vBxr/LLpjQ07C1LpN2bvWuJ8LNVy2vtvpx1qZgd1VousDjoN83qVq', 0, '', '00005', NULL, 1, '2019-02-12 21:42:22', '2019-03-15 18:15:38'),
(92, '', NULL, 'owner', '', 'okiyoru2@gmail.com', '$2y$10$K0knx7GKbgg8BIYt5sUZ7.1KSX2s2sL/GuNT5H.WalyeWiq09JF0O', 0, '', '00002', NULL, 1, '2019-08-07 23:50:33', '2019-08-07 23:55:25'),
(93, '', NULL, 'owner', '', 'okiyoru3@gmail.com', '$2y$10$JQueljItW8sT42R1z2weG.Jc/z/ziO8AuoUrLXvAk9NjxQXw7hscG', 0, '', '00001', NULL, 1, '2019-08-10 15:10:55', '2019-08-10 15:16:07'),
(94, 'é´ć¨ĺ¤Şé', '3c824328d34aa25cc77672eabd322dbee03eda66.jpg', 'owner', '09012341234', 'okiyoru1@gmail.com', '$2y$10$M68eGdvgIadmxzRw6.1EHu5gEN3fA7DShvvz1KjGTzBbR/giYsd6O', 1, '36', '00002', '73e3f26d0245c7c7447a5545de35254a3e2f0f407fa0a5f11119246a607c2b1d', 1, '2019-08-10 16:55:43', '2019-09-09 23:26:05'),
(98, 'é´ć¨ćŹĄé', 'e3babc50ddfc45ec880aaf82424bfa24839f92a4.jpg', 'owner', '09012341234', 'okiyoru99@gmail.com', '$2y$10$PojdyaiQojD22nYfrmObv.H3ARmAWV3PTZK.6qGkjOEE..1y7yCm6', 1, '33', '00001', NULL, 1, '2019-08-18 17:07:25', '2019-08-18 22:17:22');

-- --------------------------------------------------------

--
-- ăăźăăŤăŽć§é  `shops`
--

DROP TABLE IF EXISTS `shops`;
CREATE TABLE `shops` (
  `id` int(11) NOT NULL,
  `owner_id` int(11) NOT NULL,
  `area` varchar(255) DEFAULT NULL,
  `genre` varchar(255) DEFAULT NULL,
  `dir` varchar(255) DEFAULT NULL,
  `name` varchar(40) DEFAULT NULL,
  `top_image` varchar(100) DEFAULT NULL,
  `image1` varchar(100) DEFAULT NULL,
  `image2` varchar(100) DEFAULT NULL,
  `image3` varchar(100) DEFAULT NULL,
  `image4` varchar(100) DEFAULT NULL,
  `image5` varchar(100) DEFAULT NULL,
  `image6` varchar(100) DEFAULT NULL,
  `image7` varchar(100) DEFAULT NULL,
  `image8` varchar(100) DEFAULT NULL,
  `catch` varchar(100) DEFAULT NULL,
  `tel` varchar(15) DEFAULT NULL,
  `staff` varchar(255) DEFAULT NULL,
  `bus_from_time` time DEFAULT NULL,
  `bus_to_time` time DEFAULT NULL,
  `bus_hosoku` varchar(255) DEFAULT NULL,
  `system` varchar(600) DEFAULT NULL,
  `credit` varchar(255) DEFAULT NULL,
  `cast` varchar(400) DEFAULT NULL,
  `pref21` varchar(3) DEFAULT NULL,
  `addr21` varchar(10) DEFAULT NULL,
  `strt21` varchar(30) DEFAULT NULL,
  `created` datetime NOT NULL,
  `modified` datetime NOT NULL
) ENGINE=InnoDB DEFAULT CHARSET=utf8;

--
-- ăăźăăŤăŽăăźăżăŽăăłă `shops`
--

INSERT INTO `shops` (`id`, `owner_id`, `area`, `genre`, `dir`, `name`, `top_image`, `image1`, `image2`, `image3`, `image4`, `image5`, `image6`, `image7`, `image8`, `catch`, `tel`, `staff`, `bus_from_time`, `bus_to_time`, `bus_hosoku`, `system`, `credit`, `cast`, `pref21`, `addr21`, `strt21`, `created`, `modified`) VALUES
(38, 57, 'naha', 'snack', '00005', 'OKIYORUGO', 'd4498a1ad55a9f1c62175e30e63913633458dc61.jpg', '', '', '', '', '', '', '', NULL, 'ć˛ç¸çćľŚćˇťĺ¸ăŤăăçˇĺ¨çąć°70ĺăčŞăçĺćĺ¤§ç´ćéĺśăŻăŠăă\r\nă¨ăŞă˘No.1ăŻăŠăšăŽĺŽç¸žă¨čŞäżĄăćĽĺžĺăăŽăĺşă', '09012341234', 'ĺ¨ĺ˝ĺĺ°ăăéăžăŁă20ć­łď˝30ć­łăŽćăăĺĽłăŽăłĺ¤ć°', '20:00:00', '03:00:00', 'âťćĽććĽăĺśćĽ­ăăŚăăăžăďź', 'ćéĺś 1ćééŁ˛ăżćžéĄ\r\năä¸äşşć§ďźç¨ăťăľăźăăšćčžźďź\r\nďżĽ3,000ďź3ĺć§ăăďźďżĽ4,000ďź2ĺć§ďźďżĽ6,000ďź1ĺć§ďź\r\nâďźśďźŠďź°ăŤăźă ăăŤăŠăŞăąĺŽĺ', 'AmericanExpress,Diners,VISA,MasterCard', NULL, 'ć˛ç¸ç', 'ćľŚćˇťĺ¸', 'ăăăďź¸ďź¸ďźďź¸ďź¸ďźďź¸ďź¸', '2019-02-12 21:42:56', '2019-08-10 13:49:39'),
(39, 57, 'naha', 'cabacula', '00006', 'éŁčŚĺşčĺďź', '', NULL, NULL, NULL, NULL, NULL, NULL, NULL, NULL, 'éŁčŚăŽă­ăŁăăŻăŠăăć˘ăăŞăéŁčŚĺşčĺďź\r\nćéĺśăťéŁ˛ăżćžéĄă§ĺŽĺżăŽă­ăŁăăŻăŠă§ăă', '09012341234', 'ĺ¨ĺ˝ĺĺ°ăăéăžăŁă20ć­łď˝30ć­łăŽćăăĺĽłăŽăłĺ¤ć°', '14:30:00', '20:00:00', 'âťćĽććĽăĺśćĽ­ăăŚăăăžăă', 'ćéĺś 1ćééŁ˛ăżćžéĄ\r\năä¸äşşć§ďźç¨ăťăľăźăăšćčžźďź\r\nďżĽ3,000ďź3ĺć§ăăďźďżĽ4,000ďź2ĺć§ďźďżĽ6,000ďź1ĺć§ďź\r\nâďźśďźŠďź°ăŤăźă ăăŤăŠăŞăąĺŽĺ', 'MasterCard,Diners,AmericanExpress,VISA,JCB', NULL, 'ć˛ç¸ç', 'ćľŚćˇťĺ¸', 'ăăăďź¸ďź¸ďźďź¸ďź¸ďźďź¸ďź¸', '2019-02-12 21:42:56', '2019-05-14 19:44:32'),
(40, 59, 'naha', 'cabacula', '00007', 'éŁčŚĺşčĺďź', '', NULL, NULL, NULL, NULL, NULL, NULL, NULL, NULL, 'éŁčŚăŽă­ăŁăăŻăŠăăć˘ăăŞăéŁčŚĺşčĺďź\r\nćéĺśăťéŁ˛ăżćžéĄă§ĺŽĺżăŽă­ăŁăăŻăŠă§ăă', '09012341234', 'ĺ¨ĺ˝ĺĺ°ăăéăžăŁă20ć­łď˝30ć­łăŽćăăĺĽłăŽăłĺ¤ć°', '14:30:00', '20:00:00', 'âťćĽććĽăĺśćĽ­ăăŚăăăžăă', 'ćéĺś 1ćééŁ˛ăżćžéĄ\r\năä¸äşşć§ďźç¨ăťăľăźăăšćčžźďź\r\nďżĽ3,000ďź3ĺć§ăăďźďżĽ4,000ďź2ĺć§ďźďżĽ6,000ďź1ĺć§ďź\r\nâďźśďźŠďź°ăŤăźă ăăŤăŠăŞăąĺŽĺ', 'MasterCard,Diners,AmericanExpress,VISA,JCB', NULL, 'ć˛ç¸ç', 'ćľŚćˇťĺ¸', 'ăăăďź¸ďź¸ďźďź¸ďź¸ďźďź¸ďź¸', '2019-02-12 21:42:56', '2019-05-14 19:44:32'),
(41, 60, 'naha', 'cabacula', '00008', 'éŁčŚĺşčĺďź', '', NULL, NULL, NULL, NULL, NULL, NULL, NULL, NULL, 'éŁčŚăŽă­ăŁăăŻăŠăăć˘ăăŞăéŁčŚĺşčĺďź\r\nćéĺśăťéŁ˛ăżćžéĄă§ĺŽĺżăŽă­ăŁăăŻăŠă§ăă', '09012341234', 'ĺ¨ĺ˝ĺĺ°ăăéăžăŁă20ć­łď˝30ć­łăŽćăăĺĽłăŽăłĺ¤ć°', '14:30:00', '20:00:00', 'âťćĽććĽăĺśćĽ­ăăŚăăăžăă', 'ćéĺś 1ćééŁ˛ăżćžéĄ\r\năä¸äşşć§ďźç¨ăťăľăźăăšćčžźďź\r\nďżĽ3,000ďź3ĺć§ăăďźďżĽ4,000ďź2ĺć§ďźďżĽ6,000ďź1ĺć§ďź\r\nâďźśďźŠďź°ăŤăźă ăăŤăŠăŞăąĺŽĺ', 'MasterCard,Diners,AmericanExpress,VISA,JCB', NULL, 'ć˛ç¸ç', 'ćľŚćˇťĺ¸', 'ăăăďź¸ďź¸ďźďź¸ďź¸ďźďź¸ďź¸', '2019-02-12 21:42:56', '2019-05-14 19:44:32'),
(42, 61, 'naha', 'cabacula', '00005', 'éŁčŚĺşčĺďź', '', NULL, NULL, NULL, NULL, NULL, NULL, NULL, NULL, 'éŁčŚăŽă­ăŁăăŻăŠăăć˘ăăŞăéŁčŚĺşčĺďź\r\nćéĺśăťéŁ˛ăżćžéĄă§ĺŽĺżăŽă­ăŁăăŻăŠă§ăă', '09012341234', 'ĺ¨ĺ˝ĺĺ°ăăéăžăŁă20ć­łď˝30ć­łăŽćăăĺĽłăŽăłĺ¤ć°', '14:30:00', '20:00:00', 'âťćĽććĽăĺśćĽ­ăăŚăăăžăă', 'ćéĺś 1ćééŁ˛ăżćžéĄ\r\năä¸äşşć§ďźç¨ăťăľăźăăšćčžźďź\r\nďżĽ3,000ďź3ĺć§ăăďźďżĽ4,000ďź2ĺć§ďźďżĽ6,000ďź1ĺć§ďź\r\nâďźśďźŠďź°ăŤăźă ăăŤăŠăŞăąĺŽĺ', 'MasterCard,Diners,AmericanExpress,VISA,JCB', NULL, 'ć˛ç¸ç', 'ćľŚćˇťĺ¸', 'ăăăďź¸ďź¸ďźďź¸ďź¸ďźďź¸ďź¸', '2019-02-12 21:42:56', '2019-05-14 19:44:32'),
(43, 62, 'naha', 'girlsbar', '00005', 'éŁčŚĺşčĺďź', '', NULL, NULL, NULL, NULL, NULL, NULL, NULL, NULL, 'éŁčŚăŽăŹăźăŤăşăăźăăć˘ăăŞăéŁčŚĺşčĺďź\r\nćéĺśăťéŁ˛ăżćžéĄă§ĺŽĺżăŽăŹăźăŤăşăăźă§ăă', '09012341234', 'ĺ¨ĺ˝ĺĺ°ăăéăžăŁă20ć­łď˝30ć­łăŽćăăĺĽłăŽăłĺ¤ć°', '14:30:00', '20:00:00', 'âťćĽććĽăĺśćĽ­ăăŚăăăžăă', 'ćéĺś 1ćééŁ˛ăżćžéĄ\r\năä¸äşşć§ďźç¨ăťăľăźăăšćčžźďź\r\nďżĽ3,000ďź3ĺć§ăăďźďżĽ4,000ďź2ĺć§ďźďżĽ6,000ďź1ĺć§ďź\r\nâďźśďźŠďź°ăŤăźă ăăŤăŠăŞăąĺŽĺ', 'MasterCard,Diners,AmericanExpress,VISA,JCB', NULL, 'ć˛ç¸ç', 'ćľŚćˇťĺ¸', 'ăăăďź¸ďź¸ďźďź¸ďź¸ďźďź¸ďź¸', '2019-02-12 21:42:56', '2019-05-14 19:44:32'),
(44, 63, 'naha', 'snack', '00005', 'éŁčŚĺşčĺďź', '', NULL, NULL, NULL, NULL, NULL, NULL, NULL, NULL, 'éŁčŚăŽăšăăăŻăăć˘ăăŞăéŁčŚĺşčĺďź\r\nćéĺśăťéŁ˛ăżćžéĄă§ĺŽĺżăŽăšăăăŻă§ăă', '09012341234', 'ĺ¨ĺ˝ĺĺ°ăăéăžăŁă20ć­łď˝30ć­łăŽćăăĺĽłăŽăłĺ¤ć°', '14:30:00', '20:00:00', 'âťćĽććĽăĺśćĽ­ăăŚăăăžăă', 'ćéĺś 1ćééŁ˛ăżćžéĄ\r\năä¸äşşć§ďźç¨ăťăľăźăăšćčžźďź\r\nďżĽ3,000ďź3ĺć§ăăďźďżĽ4,000ďź2ĺć§ďźďżĽ6,000ďź1ĺć§ďź\r\nâďźśďźŠďź°ăŤăźă ăăŤăŠăŞăąĺŽĺ', 'MasterCard,Diners,AmericanExpress,VISA,JCB', NULL, 'ć˛ç¸ç', 'ćľŚćˇťĺ¸', 'ăăăďź¸ďź¸ďźďź¸ďź¸ďźďź¸ďź¸', '2019-02-12 21:42:56', '2019-05-14 19:44:32'),
(45, 64, 'miyakojima', 'cabacula', '00005', 'ĺŽŽĺ¤ĺłśĺşčĺďź', '', NULL, NULL, NULL, NULL, NULL, NULL, NULL, NULL, 'ĺŽŽĺ¤ĺłśăŽă­ăŁăăŻăŠăăć˘ăăŞăĺŽŽĺ¤ĺłśĺşčĺďź\r\nćéĺśăťéŁ˛ăżćžéĄă§ĺŽĺżăŽă­ăŁăăŻăŠă§ăă', '09012341234', 'ĺ¨ĺ˝ĺĺ°ăăéăžăŁă20ć­łď˝30ć­łăŽćăăĺĽłăŽăłĺ¤ć°', '14:30:00', '20:00:00', 'âťćĽććĽăĺśćĽ­ăăŚăăăžăă', 'ćéĺś 1ćééŁ˛ăżćžéĄ\r\năä¸äşşć§ďźç¨ăťăľăźăăšćčžźďź\r\nďżĽ3,000ďź3ĺć§ăăďźďżĽ4,000ďź2ĺć§ďźďżĽ6,000ďź1ĺć§ďź\r\nâďźśďźŠďź°ăŤăźă ăăŤăŠăŞăąĺŽĺ', 'MasterCard,Diners,AmericanExpress,VISA,JCB', NULL, 'ć˛ç¸ç', 'ćľŚćˇťĺ¸', 'ăăăďź¸ďź¸ďźďź¸ďź¸ďźďź¸ďź¸', '2019-02-12 21:42:56', '2019-05-14 19:44:32'),
(46, 65, 'miyakojima', 'cabacula', '00005', 'ĺŽŽĺ¤ĺłśĺşčĺďź', '', NULL, NULL, NULL, NULL, NULL, NULL, NULL, NULL, 'ĺŽŽĺ¤ĺłśăŽă­ăŁăăŻăŠăăć˘ăăŞăĺŽŽĺ¤ĺłśĺşčĺďź\r\nćéĺśăťéŁ˛ăżćžéĄă§ĺŽĺżăŽă­ăŁăăŻăŠă§ăă', '09012341234', 'ĺ¨ĺ˝ĺĺ°ăăéăžăŁă20ć­łď˝30ć­łăŽćăăĺĽłăŽăłĺ¤ć°', '14:30:00', '20:00:00', 'âťćĽććĽăĺśćĽ­ăăŚăăăžăă', 'ćéĺś 1ćééŁ˛ăżćžéĄ\r\năä¸äşşć§ďźç¨ăťăľăźăăšćčžźďź\r\nďżĽ3,000ďź3ĺć§ăăďźďżĽ4,000ďź2ĺć§ďźďżĽ6,000ďź1ĺć§ďź\r\nâďźśďźŠďź°ăŤăźă ăăŤăŠăŞăąĺŽĺ', 'MasterCard,Diners,AmericanExpress,VISA,JCB', NULL, 'ć˛ç¸ç', 'ćľŚćˇťĺ¸', 'ăăăďź¸ďź¸ďźďź¸ďź¸ďźďź¸ďź¸', '2019-02-12 21:42:56', '2019-05-14 19:44:32'),
(47, 66, 'miyakojima', 'cabacula', '00005', 'ĺŽŽĺ¤ĺłśĺşčĺďź', '', NULL, NULL, NULL, NULL, NULL, NULL, NULL, NULL, 'ĺŽŽĺ¤ĺłśăŽă­ăŁăăŻăŠăăć˘ăăŞăĺŽŽĺ¤ĺłśĺşčĺďź\r\nćéĺśăťéŁ˛ăżćžéĄă§ĺŽĺżăŽă­ăŁăăŻăŠă§ăă', '09012341234', 'ĺ¨ĺ˝ĺĺ°ăăéăžăŁă20ć­łď˝30ć­łăŽćăăĺĽłăŽăłĺ¤ć°', '14:30:00', '20:00:00', 'âťćĽććĽăĺśćĽ­ăăŚăăăžăă', 'ćéĺś 1ćééŁ˛ăżćžéĄ\r\năä¸äşşć§ďźç¨ăťăľăźăăšćčžźďź\r\nďżĽ3,000ďź3ĺć§ăăďźďżĽ4,000ďź2ĺć§ďźďżĽ6,000ďź1ĺć§ďź\r\nâďźśďźŠďź°ăŤăźă ăăŤăŠăŞăąĺŽĺ', 'MasterCard,Diners,AmericanExpress,VISA,JCB', NULL, 'ć˛ç¸ç', 'ćľŚćˇťĺ¸', 'ăăăďź¸ďź¸ďźďź¸ďź¸ďźďź¸ďź¸', '2019-02-12 21:42:56', '2019-05-14 19:44:32'),
(48, 67, 'miyakojima', 'cabacula', '00005', 'ĺŽŽĺ¤ĺłśĺşčĺďź', '', NULL, NULL, NULL, NULL, NULL, NULL, NULL, NULL, 'ĺŽŽĺ¤ĺłśăŽă­ăŁăăŻăŠăăć˘ăăŞăĺŽŽĺ¤ĺłśĺşčĺďź\r\nćéĺśăťéŁ˛ăżćžéĄă§ĺŽĺżăŽă­ăŁăăŻăŠă§ăă', '09012341234', 'ĺ¨ĺ˝ĺĺ°ăăéăžăŁă20ć­łď˝30ć­łăŽćăăĺĽłăŽăłĺ¤ć°', '14:30:00', '20:00:00', 'âťćĽććĽăĺśćĽ­ăăŚăăăžăă', 'ćéĺś 1ćééŁ˛ăżćžéĄ\r\năä¸äşşć§ďźç¨ăťăľăźăăšćčžźďź\r\nďżĽ3,000ďź3ĺć§ăăďźďżĽ4,000ďź2ĺć§ďźďżĽ6,000ďź1ĺć§ďź\r\nâďźśďźŠďź°ăŤăźă ăăŤăŠăŞăąĺŽĺ', 'MasterCard,Diners,AmericanExpress,VISA,JCB', NULL, 'ć˛ç¸ç', 'ćľŚćˇťĺ¸', 'ăăăďź¸ďź¸ďźďź¸ďź¸ďźďź¸ďź¸', '2019-02-12 21:42:56', '2019-05-14 19:44:32'),
(49, 68, 'miyakojima', 'girlsbar', '00005', 'ĺŽŽĺ¤ĺłśĺşčĺďź', '', NULL, NULL, NULL, NULL, NULL, NULL, NULL, NULL, 'ĺŽŽĺ¤ĺłśăŽăŹăźăŤăşăăźăăć˘ăăŞăĺŽŽĺ¤ĺłśĺşčĺďź\r\nćéĺśăťéŁ˛ăżćžéĄă§ĺŽĺżăŽăŹăźăŤăşăăźă§ăă', '09012341234', 'ĺ¨ĺ˝ĺĺ°ăăéăžăŁă20ć­łď˝30ć­łăŽćăăĺĽłăŽăłĺ¤ć°', '14:30:00', '20:00:00', 'âťćĽććĽăĺśćĽ­ăăŚăăăžăă', 'ćéĺś 1ćééŁ˛ăżćžéĄ\r\năä¸äşşć§ďźç¨ăťăľăźăăšćčžźďź\r\nďżĽ3,000ďź3ĺć§ăăďźďżĽ4,000ďź2ĺć§ďźďżĽ6,000ďź1ĺć§ďź\r\nâďźśďźŠďź°ăŤăźă ăăŤăŠăŞăąĺŽĺ', 'MasterCard,Diners,AmericanExpress,VISA,JCB', NULL, 'ć˛ç¸ç', 'ćľŚćˇťĺ¸', 'ăăăďź¸ďź¸ďźďź¸ďź¸ďźďź¸ďź¸', '2019-02-12 21:42:56', '2019-05-14 19:44:32'),
(50, 69, 'miyakojima', 'snack', '00005', 'ĺŽŽĺ¤ĺłśĺşčĺďź', '', NULL, NULL, NULL, NULL, NULL, NULL, NULL, NULL, 'ĺŽŽĺ¤ĺłśăŽăšăăăŻăăć˘ăăŞăĺŽŽĺ¤ĺłśĺşčĺďź\r\nćéĺśăťéŁ˛ăżćžéĄă§ĺŽĺżăŽăšăăăŻă§ăă', '09012341234', 'ĺ¨ĺ˝ĺĺ°ăăéăžăŁă20ć­łď˝30ć­łăŽćăăĺĽłăŽăłĺ¤ć°', '14:30:00', '20:00:00', 'âťćĽććĽăĺśćĽ­ăăŚăăăžăă', 'ćéĺś 1ćééŁ˛ăżćžéĄ\r\năä¸äşşć§ďźç¨ăťăľăźăăšćčžźďź\r\nďżĽ3,000ďź3ĺć§ăăďźďżĽ4,000ďź2ĺć§ďźďżĽ6,000ďź1ĺć§ďź\r\nâďźśďźŠďź°ăŤăźă ăăŤăŠăŞăąĺŽĺ', 'MasterCard,Diners,AmericanExpress,VISA,JCB', NULL, 'ć˛ç¸ç', 'ćľŚćˇťĺ¸', 'ăăăďź¸ďź¸ďźďź¸ďź¸ďźďź¸ďź¸', '2019-02-12 21:42:56', '2019-05-14 19:44:32'),
(54, 92, 'urasoe', 'club', '00001', 'ARENA -ă˘ăŞăźă-', 'fa897ef69c325e84d4a73e1d681e103d2de24f61.jpg', '91527b5da301b543245f4b929c8ad7d7887f12e9.jpg', 'd49f191774e3397fe75b26393f090fa3bd7b5341.jpg', '8010a4cdc60e90a6d90b33b6428624b2f49d6172.jpg', NULL, NULL, NULL, NULL, NULL, 'ć˛ç¸çćľŚćˇťĺ¸ăŤăăçˇĺ¨çąć°70ĺăčŞăçĺćĺ¤§ç´ćéĺśăŻăŠăă\r\nă¨ăŞă˘No.1ăŻăŠăšăŽĺŽç¸žă¨čŞäżĄăćĽĺžĺăăŽăĺş', '09097874621', '', '22:00:00', '04:00:00', 'ăť(éăťĺăťçĽćĽĺćĽ)22:00ď˝05:00 ăťĺš´ä¸­çĄäź', 'âSETćéâ\r\năťĺžĄ1äşşć§	70ĺ/10,000ĺ\r\năť2ĺć§äťĽä¸	70ĺ/5,000ĺ\r\năťĺžĄĺťśéˇ	ä¸č¨ĺéĄ\r\nâćĺâ\r\năťćŹćĺ	1,000ĺ\r\năťĺ ´ĺćĺ	1,000ĺ\r\nâăăŞăłăŻâ\r\năťăăźăŤ	1,000ĺ(ă°ăŠăš1ćŻ)\r\năťăŤăŻăăŤ	ĺ1,000ĺ(ă°ăŠăš1ćŻ)\r\năťăŻă¤ăł	ĺ1,000ĺ(ă°ăŠăš1ćŻ)\r\nâăăăŤâ\r\năťćłĄç	3,000ĺď˝\r\năťçźé	3,000ĺď˝\r\năťăŻă¤ăł	8,000ĺď˝\r\năťăŚăŁăšă­ăź	15,000ĺ\r\năťăˇăŁăłăăł	8,000ĺď˝\r\nâVIP Roomâ\r\nĺŽ¤ć	20,000ĺ\r\nâăăŽäťâ\r\năťĺŁä˝	ď˝100ĺăžă§ĺŻ', 'VISA,JCB,MasterCard,AmericanExpress', NULL, 'ć˛ç¸ç', 'ćľŚćˇťĺ¸', 'ĺé3-5-1 MSăˇăĽăżăźăŻăăŤ2F', '2019-08-07 23:55:27', '2019-08-08 23:26:45'),
(55, 93, 'urasoe', 'girlsbar', '00001', 'ăă§ăŞăš', '7676cf4feb6ceae2268ea8dcdb8e8b4f8df8d503.jpg', '692f892c1595fcb00f92f4e54045454af122a08a.jpg', '99f5cd8e2119337534464897a275d08f7eab2d6c.jpg', '1ff52888b3b1d3414df850e25dfd0ee95be2af55.jpg', '9563142cd343c4ddcea6787c4f2825207ee3f6ee.jpg', '582296c1dc294d3a1721f536337a5f706bf16355.jpg', NULL, NULL, NULL, 'ăŤăŠăŞăąăăăźăăćĽ˝ăăăĄăăă¤ăăłăçăă ăăăăŽăŹăźăŤăşăăźâĄ', '09068653218', '', '21:00:00', NULL, 'ä¸ĺŽäź', 'âăă­ăłăşăłăźăšâĄďźďźĺâĄ	ďżĽďź,ďźďźďźĺâ\r\nćłĄçďźăăăăăťççŠăéăă¤ďźăŹă˘ăłăťçˇčśăťăŚăźă­ăłăăŤăŻăăŤďźăăźăăŚăźă­ăłăťăŤăŤă˘ăăŤăŻăťăŤăˇăšăŞăŹăłă¸ăťăŤăˇăšăŚăźă­ăłăťăŤăˇăšă˝ăźăăťă˘ăšăłăăĽăźăŤăťă¸ăłăăăăŻăťăŤăˇăšăăŤăŻăă˝ăăăăŞăłăŻ/ăłăźăŠăťăŞăŹăłă¸ăťăŚăźă­ăłčśăťçˇčś\r\nâăˇăŤăăźăłăźăšâĄďźďźĺâĄ	ďżĽďź,ďźďźďźĺâ\r\năă­ăłăşăĄăăĽăź ďź ćłĄçďźčăăŠăťäšçąłäťăťćŽćł˘ăťćŽéťăăăźăŤăçźéďźéĄćăăŤăŻăăŤďźăľăłă°ăŞă˘\r\nâă´ăźăŤăăłăźăšâĄďźďźĺâĄ	ďżĽďź,ďźďźďźĺâ\r\năă­ăłăşăĄăăĽăźăťăˇăŤăăźăĄăăĽăź ďź ćłĄçďźďźśďźŠďź°ă´ăźăŤăăťĺč°ˇéˇčăťçççćăçźéďźäşéĺ ăťĺĺĺ­\r\nâďźłď˝ď˝ď˝ďź¤ď˝ď˝ď˝ď˝â\r\nďźĄďźŹďźŹ ďź,ďźďźďźĺ\r\nâăŤăŠăŞăąďźć˛â\r\nďźďźďźĺ\r\nâć­ăćžéĄďźćéĺďźâ\r\nďź,ďźďźďźĺ\r\nâĺĽłć§ă°ăźăŤăăŽăżâ\r\nďź,ďźďźďźĺ ďźŻďźŚďźŚ\r\nâăăźăćăćžéĄâ\r\nďźďźďźĺ \r\nâćéçĄĺśé éŁ˛ăżćžéĄâ\r\nďź,ďźďźďźĺ \r\nâĺĺăĄăăĽăźďź,ďźďźďźĺď˝ćăâ', 'MasterCard,VISA', NULL, 'ć˛ç¸ç', 'ćľŚćˇťĺ¸', 'çľĺĄ518 ăăăłăăăŤăŚăăźă  2F', '2019-08-10 15:16:07', '2019-08-10 15:52:53'),
(56, 94, 'naha', 'cabacula', '00002', 'Clubçç', 'dca447d4540d4441ef6f0a7495ebea7d983f00e3.jpg', '70cf8ef198ee22f098d31c96a13b6db700085850.jpg', '5f8dc463c62d717694d2e07b5fa3254523f1bf5c.jpg', '99d384a724fb9aab1972772b18992f80b09d2c67.jpg', '3ba90b2743d559bc1c2623b85a4b4d43bd1741ec.jpg', '75d5ca39e15124b9802aab78b64bccc07fd387c1.jpg', '6ff046e9668601d80c548fb6edead4f6e0414964.jpg', '', '', 'éŁčŚĺ¸ćžĺąąăŤGRANDOPEN!!\r\nKING of RESORT!! CLUB çç', '0989757973', '', '21:00:00', NULL, 'ććĺŽäźćĽ', 'â1time 60minâ\r\năťäżč¨ź	ďźďźďźďźďźĺ\r\năťăăłăăźăăł	ďźďźďźďźďźĺ\r\năťďźśďźŠďź°	ďźďźďźďźďźĺ\r\năťćĺć	ďźďźďźďźďźĺ\r\năťĺ ´ĺćĺć	ďźďźďźďźďźĺ\r\năťďźłďźŁ	ďźďźďźăďźç¨čžźďź\r\năťPRIVATE ROOMăďźďźďźďźďźďźĺďźďźłďźŁăďźďźďźăç¨čžźďź\r\năťSECRET ROOMăďźďźďźďźďźďźĺďźďźłďźŁăďźďźďźăç¨čžźďź\r\nâFree Drinkâ\r\năťMAIN Floor	ăăźăŤăćłĄçăçźéăă˝ăăăăŞăłăŻĺç¨Ž\r\năťVIP Floor	ăăźăŤăăă¤ăăźăŤăćłĄç(ĺ¤é)ăçźéăă˝ăăăăŞăłăŻĺç¨Ž', 'MasterCard,VISA,JCB,AmericanExpress,Diners', NULL, 'ć˛ç¸ç', 'éŁčŚĺ¸', 'ćžĺąą2-9-17 ăŤăźăăăŤăăŤ4F 5F', '2019-08-10 16:58:22', '2019-09-03 21:32:56'),
(63, 98, 'ginowan', 'girlsbar', '00001', NULL, NULL, NULL, NULL, NULL, NULL, NULL, NULL, NULL, NULL, NULL, NULL, NULL, NULL, NULL, NULL, NULL, NULL, NULL, NULL, NULL, NULL, '2019-08-18 19:24:23', '2019-08-18 19:24:23');

-- --------------------------------------------------------

--
-- ăăźăăŤăŽć§é  `shop_infos`
--

DROP TABLE IF EXISTS `shop_infos`;
CREATE TABLE `shop_infos` (
  `id` int(11) NOT NULL,
  `shop_id` int(11) NOT NULL,
  `title` varchar(50) NOT NULL,
  `content` varchar(600) NOT NULL,
  `image1` varchar(100) CHARACTER SET utf8 DEFAULT NULL,
  `image2` varchar(100) DEFAULT NULL,
  `image3` varchar(100) DEFAULT NULL,
  `image4` varchar(100) DEFAULT NULL,
  `image5` varchar(100) DEFAULT NULL,
  `image6` varchar(100) DEFAULT NULL,
  `image7` varchar(100) DEFAULT NULL,
  `image8` varchar(100) DEFAULT NULL,
  `dir` varchar(255) CHARACTER SET utf8 DEFAULT NULL,
  `created` datetime NOT NULL,
  `modified` datetime NOT NULL
) ENGINE=InnoDB DEFAULT CHARSET=utf8mb4;

--
-- ăăźăăŤăŽăăźăżăŽăăłă `shop_infos`
--

INSERT INTO `shop_infos` (`id`, `shop_id`, `title`, `content`, `image1`, `image2`, `image3`, `image4`, `image5`, `image6`, `image7`, `image8`, `dir`, `created`, `modified`) VALUES
(1, 56, 'ĺşčăăăŽăçĽăăđĺşčăăăŽăçĽăăđĺşčăăăŽăçĽăăđĺşčăăăŽăçĽăăđ', 'ĺşčăăăŽăçĽăă?ĺşčăăăŽăçĽăă?ĺşčăăăŽăçĽăă?ĺşčăăăŽăçĽăă?ĺşčăăăŽăçĽăă?ĺşčăăăŽăçĽăă?ĺşčăăăŽăçĽăă?ĺşčăăăŽăçĽăă?ĺşčăăăŽăçĽăă?ĺşčăăăŽăçĽăă?ĺşčăăăŽăçĽăă?ĺşčăăăŽăçĽăă?ĺşčăăăŽăçĽăă?ĺşčăăăŽăçĽăă?ĺşčăăăŽăçĽăă?ĺşčăăăŽăçĽăă?ĺşčăăăŽăçĽăă?ĺşčăăăŽăçĽăă?ĺşčăăăŽăçĽăă?ĺşčăăăŽăçĽăă?', '099399482ff6b17222bff4cd1d1ec7ff022dda55.jpg', NULL, NULL, NULL, NULL, NULL, NULL, NULL, '/2019/08/13/20190813_233634', '2019-08-13 23:37:01', '2019-08-13 23:37:01'),
(2, 56, 'ĺşčăăăŽăçĽăăďźđĺşčăăăŽăçĽăăďźđ', 'ĺşčăăăŽăçĽăăďź?ĺşčăăăŽăçĽăăďź?ĺşčăăăŽăçĽăăďź?ĺşčăăăŽăçĽăăďź?ĺşčăăăŽăçĽăăďź?ĺşčăăăŽăçĽăăďź?ĺşčăăăŽăçĽăăďź?ĺşčăăăŽăçĽăăďź?ĺşčăăăŽăçĽăăďź?ĺşčăăăŽăçĽăăďź?ĺşčăăăŽăçĽăăďź?\r\n\r\nĺşčăăăŽăçĽăăďź?ĺşčăăăŽăçĽăăďź?\r\nĺşčăăăŽăçĽăăďź?ĺşčăăăŽăçĽăăďź?\r\n\r\n\r\nĺşčăăăŽăçĽăăďź?ĺşčăăăŽăçĽăăďź?ĺşčăăăŽăçĽăăďź?ĺşčăăăŽăçĽăăďź?ĺşčăăăŽăçĽăăďź?ĺşčăăăŽăçĽăăďź?\r\n\r\nĺşčăăăŽăçĽăăďź?', '21d40d047d9d90084fb29d69370fd29d23b776a9.jpg', NULL, NULL, NULL, NULL, NULL, NULL, NULL, '/2019/08/14/20190814_214500', '2019-08-14 21:45:00', '2019-08-14 21:45:00'),
(3, 56, 'ĺşčăăăŽăçĽăăďźđĺşčăăăŽăçĽăăďźđĺşčăăăŽăçĽăăďźđ', 'ĺşčăăăŽăçĽăăďź?ĺşčăăăŽăçĽăăďź?ĺşčăăăŽăçĽăăďź?ĺşčăăăŽăçĽăăďź?\r\n\r\nĺşčăăăŽăçĽăăďź?ĺşčăăăŽăçĽăăďź?ĺşčăăăŽăçĽăăďź?ĺşčăăăŽăçĽăăďź?\r\nĺşčăăăŽăçĽăăďź?ĺşčăăăŽăçĽăăďź?ĺşčăăăŽăçĽăăďź?ĺşčăăăŽăçĽăăďź?ĺşčăăăŽăçĽăăďź?ĺşčăăăŽăçĽăăďź?ĺşčăăăŽăçĽăăďź?ď˝', '21d40d047d9d90084fb29d69370fd29d23b776a9.jpg', NULL, NULL, NULL, NULL, NULL, NULL, NULL, '/2019/08/14/20190814_214806', '2019-08-14 21:48:06', '2019-08-14 21:48:06'),
(4, 56, 'ĺşčăăăŽăçĽăăďźđĺşčăăăŽăçĽăăďźđĺşčăăăŽăçĽăăďźđĺşčăăăŽăçĽăăďźđ', 'ĺşčăăăŽăçĽăăďź?ĺşčăăăŽăçĽăăďź?ĺşčăăăŽăçĽăăďź?ĺşčăăăŽăçĽăăďź?ĺşčăăăŽăçĽăăďź?ĺşčăăăŽăçĽăăďź?ĺşčăăăŽăçĽăăďź?ĺşčăăăŽăçĽăăďź?ĺşčăăăŽăçĽăăďź?ĺşčăăăŽăçĽăăďź?\r\n\r\nĺşčăăăŽăçĽăăďź?ĺşčăăăŽăçĽăăďź?ĺşčăăăŽăçĽăăďź?ĺşčăăăŽăçĽăăďź?ĺşčăăăŽăçĽăăďź?ĺşčăăăŽăçĽăăďź?ĺşčăăăŽăçĽăăďź?ĺşčăăăŽăçĽăăďź?ĺşčăăăŽăçĽăăďź?ĺşčăăăŽăçĽăăďź?ĺşčăăăŽăçĽăăďź?ĺşčăăăŽăçĽăăďź?ĺşčăăăŽăçĽăăďź?\r\n\r\n\r\n\r\nĺşčăăăŽăçĽăăďź?ĺşčăăăŽăçĽăăďź?ĺşčăăăŽăçĽăăďź?ĺşčăăăŽăçĽăăďź?ĺşčăăăŽăçĽăăďź?ĺşčăăăŽăçĽăăďź?ĺşčăăăŽăçĽăăďź?ĺşčăăăŽăçĽăăďź?ĺşčăăăŽăçĽăăďź?ĺşčăăăŽăçĽăăďź?ĺşčăăăŽăçĽăăďź?ĺşčăăăŽăçĽăăďź?ĺşčăăăŽăçĽăăďź?\r\n\r\n\r\nĺşčăăăŽăçĽăăďź?ĺşčăăăŽăçĽăăďź?', '21d40d047d9d90084fb29d69370fd29d23b776a9.jpg', NULL, NULL, NULL, NULL, NULL, NULL, NULL, '/2019/08/14/20190814_215031', '2019-08-14 21:50:31', '2019-08-14 21:50:31'),
(5, 56, 'ĺşčăăăŽăçĽăăďźđĺşčăăăŽăçĽăăďźđĺşčăăăŽăçĽăăďźđĺşčăăăŽăçĽăăďźđ', 'ĺşčăăăŽăçĽăăďźđĺşčăăăŽăçĽăăďźđĺşčăăăŽăçĽăăďźđĺşčăăăŽăçĽăăďźđĺşčăăăŽăçĽăăďźđĺşčăăăŽăçĽăăďźđĺşčăăăŽăçĽăăďźđĺşčăăăŽăçĽăăďźđĺşčăăăŽăçĽăăďźđĺşčăăăŽăçĽăăďźđ', '21d40d047d9d90084fb29d69370fd29d23b776a9.jpg', NULL, NULL, NULL, NULL, NULL, NULL, NULL, '/2019/08/14/20190814_215514', '2019-08-14 21:55:14', '2019-08-14 21:55:14'),
(6, 56, 'ĺşčăăăŽăçĽăăďźđĺşčăăăŽăçĽăăďźđĺşčăăăŽăçĽăăďźđ', 'ĺşčăăăŽăçĽăăďźđĺşčăăăŽăçĽăăďźđĺşčăăăŽăçĽăăďźđĺşčăăăŽăçĽăăďźđĺşčăăăŽăçĽăăďźđĺşčăăăŽăçĽăăďźđĺşčăăăŽăçĽăăďźđĺşčăăăŽăçĽăăďźđĺşčăăăŽăçĽăăďźđĺşčăăăŽăçĽăăďźđĺşčăăăŽăçĽăăďźđĺşčăăăŽăçĽăăďźđĺşčăăăŽăçĽăăďźđĺşčăăăŽăçĽăăďźđĺşčăăăŽăçĽăăďźđĺşčăăăŽăçĽăăďźđĺşčăăăŽăçĽăăďźđĺşčăăăŽăçĽăăďźđĺşčăăăŽăçĽăăďźđĺşčăăăŽăçĽăăďźđĺşčăăăŽăçĽăăďźđĺşčăăăŽăçĽăăďźđĺşčăăăŽăçĽăăďźđĺşčăăăŽăçĽăăďźđĺşčăăăŽăçĽăăďźđĺşčăăăŽăçĽăăďźđ\r\n\r\n\r\n\r\nĺşčăăăŽăçĽăăďźđĺşčăăăŽăçĽăăďźđĺşčăăăŽăçĽăăďźđĺşčăăăŽăçĽăăďźđĺşčăăăŽăçĽăăďźđ\r\nĺşčăăăŽăçĽăăďźđĺşčăăăŽăçĽăăďźđĺşčăăăŽăçĽăăďźđ', '21d40d047d9d90084fb29d69370fd29d23b776a9.jpg', NULL, NULL, NULL, NULL, NULL, NULL, NULL, '/2019/08/14/20190814_220035', '2019-08-14 22:00:35', '2019-08-14 22:00:35'),
(7, 56, 'ĺşčăăăŽăçĽăăďźđĺşčăăăŽăçĽăăďźđĺşčăăăŽăçĽăăďźđ', 'ĺşčăăăŽăçĽăăďźđĺşčăăăŽăçĽăăďźđĺşčăăăŽăçĽăăďźđĺşčăăăŽăçĽăăďźđĺşčăăăŽăçĽăăďźđĺşčăăăŽăçĽăăďźđĺşčăăăŽăçĽăăďźđĺşčăăăŽăçĽăăďźđĺşčăăăŽăçĽăăďźđĺşčăăăŽăçĽăăďźđĺşčăăăŽăçĽăăďźđĺşčăăăŽăçĽăăďźđĺşčăăăŽăçĽăăďźđĺşčăăăŽăçĽăăďźđĺşčăăăŽăçĽăăďźđĺşčăăăŽăçĽăăďźđĺşčăăăŽăçĽăăďźđĺşčăăăŽăçĽăăďźđĺşčăăăŽăçĽăăďźđĺşčăăăŽăçĽăăďźđĺşčăăăŽăçĽăăďźđĺşčăăăŽăçĽăăďźđĺşčăăăŽăçĽăăďźđĺşčăăăŽăçĽăăďźđ', '5aca4cb44dd89079e8e5a943eefa7a0376c56168.jpg', '9355809fc1364bf5f28f3306c564aa27d62e0a0d.jpg', '7901c9530e1859aed224e88790820b581249afc4.jpg', '9ea987da0941b85733d31d17137da730deed392a.jpg', '82000f9dff198e6afd62698a25c49141129f140f.jpg', '6a77222419fc5c7e1dba7d035ba10c7347431cb5.jpg', NULL, NULL, '/2019/08/14/20190814_235405', '2019-08-14 23:54:05', '2019-08-28 23:38:47'),
(8, 55, 'ăă§ăŞăšăăăŽăçĽăăđăă§ăŞăšăăăŽăçĽăăđăă§ăŞăšăăăŽăçĽăăđ', 'ăă§ăŞăšăăăŽăçĽăăđăă§ăŞăšăăăŽăçĽăăđăă§ăŞăšăăăŽăçĽăăđăă§ăŞăšăăăŽăçĽăăđăă§ăŞăšăăăŽăçĽăăđăă§ăŞăšăăăŽăçĽăăđăă§ăŞăšăăăŽăçĽăăđăă§ăŞăšăăăŽăçĽăăđăă§ăŞăšăăăŽăçĽăăđăă§ăŞăšăăăŽăçĽăăđăă§ăŞăšăăăŽăçĽăăđăă§ăŞăšăăăŽăçĽăăđ\r\n\r\n\r\năă§ăŞăšăăăŽăçĽăăđăă§ăŞăšăăăŽăçĽăăđăă§ăŞăšăăăŽăçĽăăđăă§ăŞăšăăăŽăçĽăăđăă§ăŞăšăăăŽăçĽăăđăă§ăŞăšăăăŽăçĽăăđăă§ăŞăšăăăŽăçĽăăđ\r\n\r\n\r\năă§ăŞăšăăăŽăçĽăăđăă§ăŞăšăăăŽăçĽăăđ\r\n\r\năă§ăŞăšăăăŽăçĽăăđăă§ăŞăšăăăŽăçĽăăđăă§ăŞăšăăăŽăçĽăăđ\r\n\r\n\r\n\r\năă§ăŞăšăăăŽăçĽăăđăă§ăŞăšăăăŽăçĽăăđăă§ăŞăšăăăŽăçĽăăđăă§ăŞăšăăăŽăçĽăăđăă§ăŞăšăăăŽăçĽăăđăă§ăŞăšăăăŽăçĽăăđăă§ăŞăšăăăŽăçĽăăđ', 'c9d451af222e1e9a50243d2946c78660f4ada2ba.jpg', NULL, NULL, NULL, NULL, NULL, NULL, NULL, '/2019/08/15/20190815_160853', '2019-08-15 16:08:53', '2019-08-15 16:08:53'),
(9, 56, 'ĺşčăăăŽăçĽăăďźđĺşčăăăŽăçĽăăďźđĺşčăăăŽăçĽăăďźđ', 'ĺşčăăăŽăçĽăăďźđĺşčăăăŽăçĽăăďźđĺşčăăăŽăçĽăăďźđĺşčăăăŽăçĽăăďźđĺşčăăăŽăçĽăăďźđĺşčăăăŽăçĽăăďźđĺşčăăăŽăçĽăăďźđĺşčăăăŽăçĽăăďźđĺşčăăăŽăçĽăăďźđĺşčăăăŽăçĽăăďźđĺşčăăăŽăçĽăăďźđĺşčăăăŽăçĽăăďźđĺşčăăăŽăçĽăăďźđĺşčăăăŽăçĽăăďźđ', '', NULL, NULL, NULL, NULL, NULL, NULL, NULL, '/2019/09/01/20190901_223334', '2019-09-01 22:33:34', '2019-09-02 22:13:35');

-- --------------------------------------------------------

--
-- ăăźăăŤăŽć§é  `shop_info_likes`
--

DROP TABLE IF EXISTS `shop_info_likes`;
CREATE TABLE `shop_info_likes` (
  `id` int(11) NOT NULL,
  `shop_info_id` int(11) NOT NULL,
  `shop_id` int(11) NOT NULL,
  `user_id` int(11) NOT NULL,
  `created` datetime NOT NULL,
  `modified` datetime NOT NULL
) ENGINE=InnoDB DEFAULT CHARSET=utf8;

--
-- ăăźăăŤăŽăăźăżăŽăăłă `shop_info_likes`
--

INSERT INTO `shop_info_likes` (`id`, `shop_info_id`, `shop_id`, `user_id`, `created`, `modified`) VALUES
(1, 9, 56, 1, '0000-00-00 00:00:00', '0000-00-00 00:00:00');

-- --------------------------------------------------------

--
-- ăăźăăŤăŽć§é  `snss`
--

DROP TABLE IF EXISTS `snss`;
CREATE TABLE `snss` (
  `id` int(11) NOT NULL,
  `shop_id` int(11) DEFAULT NULL,
  `cast_id` int(11) DEFAULT NULL,
  `facebook` varchar(255) DEFAULT NULL,
  `twitter` varchar(255) DEFAULT NULL,
  `instagram` varchar(255) DEFAULT NULL,
  `line` varchar(255) DEFAULT NULL,
  `created` datetime NOT NULL,
  `modified` datetime NOT NULL
) ENGINE=InnoDB DEFAULT CHARSET=utf8;

--
-- ăăźăăŤăŽăăźăżăŽăăłă `snss`
--

INSERT INTO `snss` (`id`, `shop_id`, `cast_id`, `facebook`, `twitter`, `instagram`, `line`, `created`, `modified`) VALUES
(2, 56, NULL, 'Night-Planet-101941477849319', 'OkinawaHack', 't.a.k.u.m.a_', '', '2019-08-31 01:09:16', '2019-08-31 12:19:41'),
(7, NULL, 54, 'Night-Planet-101941477849319', 'OkinawaHack', 't.a.k.u.m.a_', '', '2019-09-10 01:05:20', '2019-09-10 22:17:07');

-- --------------------------------------------------------

--
-- ăăźăăŤăŽć§é  `tags`
--

DROP TABLE IF EXISTS `tags`;
CREATE TABLE `tags` (
  `id` int(11) NOT NULL,
  `title` varchar(191) DEFAULT NULL,
  `created` datetime DEFAULT NULL,
  `modified` datetime DEFAULT NULL
) ENGINE=InnoDB DEFAULT CHARSET=utf8mb4;

--
-- ăăźăăŤăŽăăźăżăŽăăłă `tags`
--

INSERT INTO `tags` (`id`, `title`, `created`, `modified`) VALUES
(1, 'testtag', '2018-12-30 21:53:07', '2018-12-30 21:53:07'),
(2, 'tag1', '2018-12-30 22:12:12', '2018-12-30 22:12:12'),
(3, 'tag2', '2018-12-30 22:12:30', '2018-12-30 22:12:30'),
(4, 'tag3', '2018-12-30 22:12:41', '2018-12-30 22:12:41'),
(5, 'tag4', '2018-12-31 10:17:24', '2018-12-31 10:17:24'),
(6, 'tag5', '2018-12-31 10:25:15', '2018-12-31 10:25:15'),
(7, 'tag6', '2018-12-31 10:33:44', '2018-12-31 10:33:44');

-- --------------------------------------------------------

--
-- ăăźăăŤăŽć§é  `updates`
--

DROP TABLE IF EXISTS `updates`;
CREATE TABLE `updates` (
  `id` int(11) NOT NULL,
  `shop_id` int(11) DEFAULT NULL,
  `cast_id` int(11) DEFAULT NULL,
  `type` varchar(30) DEFAULT NULL,
  `content` varchar(255) DEFAULT NULL,
  `created` datetime NOT NULL,
  `modified` datetime NOT NULL
) ENGINE=InnoDB DEFAULT CHARSET=utf8;

--
-- ăăźăăŤăŽăăźăżăŽăăłă `updates`
--

INSERT INTO `updates` (`id`, `shop_id`, `cast_id`, `type`, `content`, `created`, `modified`) VALUES
(67, 56, NULL, 'work_schedule', 'ćŹćĽăŽăĄăłăăźăć´ć°ăăžăăă', '2019-09-18 01:16:23', '2019-09-18 01:16:23'),
(68, 56, NULL, 'work_schedule', 'ćŹćĽăŽăĄăłăăźăć´ć°ăăžăăă', '2019-09-18 19:03:18', '2019-09-18 19:03:18'),
(69, 56, NULL, 'coupon', 'ăŻăźăăłćĺ ąăć´ć°ăăžăăă', '2019-09-18 19:06:52', '2019-09-18 19:06:52'),
(72, 56, 53, 'cast_gallery', 'ăŞăăăăăŽăŁăŠăŞăźăčż˝ĺ ăăžăăă', '2019-09-19 00:33:30', '2019-09-19 00:33:30'),
(73, 56, 54, 'cast_gallery', 'ăŤăźăŞăăăăŽăŁăŠăŞăźăčż˝ĺ ăăžăăă', '2019-09-19 00:33:30', '2019-09-19 00:33:30'),
(74, 56, NULL, 'work_schedule', 'ćŹćĽăŽăĄăłăăźăć´ć°ăăžăăă', '2019-09-19 22:05:26', '2019-09-19 22:05:26'),
(75, 56, 53, 'profile', 'ăŞăăăăăă­ăăŁăźăŤăć´ć°ăăžăăă', '2019-09-21 03:12:05', '2019-09-21 03:12:05'),
(76, 56, NULL, 'work_schedule', 'ćŹćĽăŽăĄăłăăźăć´ć°ăăžăăă', '2019-09-22 01:23:45', '2019-09-22 01:23:45'),
(77, 56, NULL, 'work_schedule', 'ćŹćĽăŽăĄăłăăźăć´ć°ăăžăăă', '2019-09-22 01:30:24', '2019-09-22 01:30:24'),
(78, 56, NULL, 'work_schedule', 'ćŹćĽăŽăĄăłăăźăć´ć°ăăžăăă', '2019-09-22 01:38:34', '2019-09-22 01:38:34'),
(79, 56, NULL, 'work_schedule', 'ćŹćĽăŽăĄăłăăźăć´ć°ăăžăăă', '2019-09-22 01:39:16', '2019-09-22 01:39:16'),
(80, 56, NULL, 'work_schedule', 'ćŹćĽăŽăĄăłăăźăć´ć°ăăžăăă', '2019-09-22 01:43:26', '2019-09-22 01:43:26'),
(81, 56, NULL, 'work_schedule', 'ćŹćĽăŽăĄăłăăźăć´ć°ăăžăăă', '2019-09-22 01:46:44', '2019-09-22 01:46:44'),
(82, 56, NULL, 'work_schedule', 'ćŹćĽăŽăĄăłăăźăć´ć°ăăžăăă', '2019-09-22 01:48:23', '2019-09-22 01:48:23'),
(83, 56, NULL, 'work_schedule', 'ćŹćĽăŽăĄăłăăźăć´ć°ăăžăăă', '2019-09-22 01:48:34', '2019-09-22 01:48:34'),
(84, 56, NULL, 'work_schedule', 'ćŹćĽăŽăĄăłăăźăć´ć°ăăžăăă', '2019-09-22 02:17:10', '2019-09-22 02:17:10'),
(85, 56, NULL, 'work_schedule', 'ćŹćĽăŽăĄăłăăźăć´ć°ăăžăăă', '2019-09-22 16:22:17', '2019-09-22 16:22:17'),
(86, 56, 53, 'cast_gallery', 'ăŞăăăăăŽăŁăŠăŞăźăčż˝ĺ ăăžăăă', '2019-09-28 00:26:28', '2019-09-28 00:26:28'),
(87, 56, 53, 'cast_gallery', 'ăŞăăăăăŽăŁăŠăŞăźăčż˝ĺ ăăžăăă', '2019-09-28 11:08:19', '2019-09-28 11:08:19'),
(88, 56, 53, 'cast_gallery', 'ăŞăăăăăŽăŁăŠăŞăźăčż˝ĺ ăăžăăă', '2019-09-28 11:27:00', '2019-09-28 11:27:00'),
(89, 56, 53, 'cast_gallery', 'ăŞăăăăăŽăŁăŠăŞăźăčż˝ĺ ăăžăăă', '2019-09-28 11:30:47', '2019-09-28 11:30:47'),
(90, 56, 53, 'profile', 'ăŞăăăăăă­ăăŁăźăŤăć´ć°ăăžăăă', '2019-09-28 11:34:55', '2019-09-28 11:34:55'),
(91, 56, 53, 'cast_gallery', 'ăŞăăăăăŽăŁăŠăŞăźăčż˝ĺ ăăžăăă', '2019-09-28 11:35:26', '2019-09-28 11:35:26'),
(92, 56, 53, 'cast_gallery', 'ăŞăăăăăŽăŁăŠăŞăźăčż˝ĺ ăăžăăă', '2019-09-28 11:37:25', '2019-09-28 11:37:25'),
(93, 56, 53, 'work_schedule', 'ăŞă1ăăăăă­ăăŁăźăŤă˘ă¤ăłăłăć´ć°ăăžăăă', '2019-09-28 16:00:23', '2019-09-28 16:00:23'),
(94, 56, 53, 'work_schedule', 'ăŞă1ăăăăă­ăăŁăźăŤă˘ă¤ăłăłăć´ć°ăăžăăă', '2019-09-28 16:08:10', '2019-09-28 16:08:10'),
(95, 56, 53, 'work_schedule', 'ăŞă1ăăăăă­ăăŁăźăŤă˘ă¤ăłăłăć´ć°ăăžăăă', '2019-09-28 16:11:18', '2019-09-28 16:11:18'),
(96, 56, 53, 'work_schedule', 'ăŞă1ăăăăă­ăăŁăźăŤă˘ă¤ăłăłăć´ć°ăăžăăă', '2019-09-28 16:15:56', '2019-09-28 16:15:56'),
(97, 56, 53, 'work_schedule', 'ăŞă1ăăăăă­ăăŁăźăŤă˘ă¤ăłăłăć´ć°ăăžăăă', '2019-09-28 16:30:03', '2019-09-28 16:30:03'),
(98, 56, 53, 'work_schedule', 'ăŞă1ăăăăă­ăăŁăźăŤă˘ă¤ăłăłăć´ć°ăăžăăă', '2019-09-28 16:31:02', '2019-09-28 16:31:02'),
(99, 56, 53, 'work_schedule', 'ăŞă1ăăăăă­ăăŁăźăŤă˘ă¤ăłăłăć´ć°ăăžăăă', '2019-09-28 16:31:29', '2019-09-28 16:31:29'),
(100, 56, 53, 'work_schedule', 'ăŞă1ăăăăă­ăăŁăźăŤă˘ă¤ăłăłăć´ć°ăăžăăă', '2019-09-28 16:31:52', '2019-09-28 16:31:52'),
(101, 56, 53, 'work_schedule', 'ăŞă1ăăăăă­ăăŁăźăŤă˘ă¤ăłăłăć´ć°ăăžăăă', '2019-09-28 17:04:25', '2019-09-28 17:04:25'),
(102, 56, 53, 'work_schedule', 'ăŞă1ăăăăă­ăăŁăźăŤă˘ă¤ăłăłăć´ć°ăăžăăă', '2019-09-28 17:04:40', '2019-09-28 17:04:40'),
(103, 56, 53, 'cast_top_image', 'ăŞă1ăăăăăăçťĺăĺ¤ć´ăăžăăă', '2019-09-28 17:22:19', '2019-09-28 17:22:19'),
(104, 56, 53, 'cast_top_image', 'ăŞă1ăăăăăăçťĺăĺ¤ć´ăăžăăă', '2019-09-28 17:37:25', '2019-09-28 17:37:25'),
(105, 56, 53, 'cast_top_image', 'ăŞă1ăăăăăăçťĺăĺ¤ć´ăăžăăă', '2019-09-28 17:49:58', '2019-09-28 17:49:58'),
(106, 56, 53, 'cast_top_image', 'ăŞă1ăăăăăăçťĺăĺ¤ć´ăăžăăă', '2019-09-28 17:51:53', '2019-09-28 17:51:53'),
(107, 56, 53, 'cast_top_image', 'ăŞă1ăăăăăăçťĺăĺ¤ć´ăăžăăă', '2019-09-28 17:53:49', '2019-09-28 17:53:49'),
(108, 56, 53, 'cast_top_image', 'ăŞă1ăăăăăăçťĺăĺ¤ć´ăăžăăă', '2019-09-28 17:56:18', '2019-09-28 17:56:18'),
(109, 56, 53, 'cast_top_image', 'ăŞă1ăăăăăăçťĺăĺ¤ć´ăăžăăă', '2019-09-28 17:57:15', '2019-09-28 17:57:15'),
(110, 56, 53, 'cast_top_image', 'ăŞă1ăăăăăăçťĺăĺ¤ć´ăăžăăă', '2019-09-28 18:08:49', '2019-09-28 18:08:49'),
(111, 56, 53, 'cast_top_image', 'ăŞă1ăăăăăăçťĺăĺ¤ć´ăăžăăă', '2019-09-28 18:14:08', '2019-09-28 18:14:08'),
(112, 56, 53, 'cast_top_image', 'ăŞă1ăăăăăăçťĺăĺ¤ć´ăăžăăă', '2019-09-28 18:14:24', '2019-09-28 18:14:24'),
(113, 56, 53, 'cast_top_image', 'ăŞă1ăăăăăăçťĺăĺ¤ć´ăăžăăă', '2019-09-28 18:15:03', '2019-09-28 18:15:03'),
(114, 56, 53, 'cast_top_image', 'ăŞă1ăăăăăăçťĺăĺ¤ć´ăăžăăă', '2019-09-28 18:17:40', '2019-09-28 18:17:40'),
(115, 56, 53, 'cast_top_image', 'ăŞă1ăăăăăăçťĺăĺ¤ć´ăăžăăă', '2019-09-28 18:17:59', '2019-09-28 18:17:59'),
(116, 56, 53, 'cast_top_image', 'ăŞă1ăăăăăăçťĺăĺ¤ć´ăăžăăă', '2019-09-28 18:18:08', '2019-09-28 18:18:08'),
(117, 56, 53, 'cast_top_image', 'ăŞă1ăăăăăăçťĺăĺ¤ć´ăăžăăă', '2019-09-28 18:18:19', '2019-09-28 18:18:19'),
(118, 56, 53, 'cast_top_image', 'ăŞă1ăăăăăăçťĺăĺ¤ć´ăăžăăă', '2019-09-28 18:18:34', '2019-09-28 18:18:34'),
(119, 56, 53, 'cast_top_image', 'ăŞă1ăăăăăăçťĺăĺ¤ć´ăăžăăă', '2019-09-28 18:41:13', '2019-09-28 18:41:13'),
(120, 56, 54, 'diary', 'ăŤăźăŞăăăćĽč¨ăčż˝ĺ ăăžăăă', '2019-09-28 21:49:09', '2019-09-28 21:49:09'),
(121, 56, 54, 'diary', 'ăŤăźăŞăăăćĽč¨ăčż˝ĺ ăăžăăă', '2019-09-28 22:46:03', '2019-09-28 22:46:03'),
(122, 56, 54, 'diary', 'ăŤăźăŞăăăćĽč¨ăčż˝ĺ ăăžăăă', '2019-09-29 14:05:15', '2019-09-29 14:05:15');

-- --------------------------------------------------------

--
-- ăăźăăŤăŽć§é  `users`
--

DROP TABLE IF EXISTS `users`;
CREATE TABLE `users` (
  `id` int(11) NOT NULL,
  `email` varchar(255) NOT NULL,
  `password` varchar(255) NOT NULL,
  `created` datetime DEFAULT NULL,
  `modified` datetime DEFAULT NULL
) ENGINE=InnoDB DEFAULT CHARSET=utf8;

--
-- ăăźăăŤăŽăăźăżăŽăăłă `users`
--

INSERT INTO `users` (`id`, `email`, `password`, `created`, `modified`) VALUES
(1, 'user0@gmail.com', '$2y$10$3C/Y5drnCFszyr3VIC1rYOqtNP4eq7bLazPB2NuBPwD20wqmhKEe6', '2018-12-26 19:56:45', '2019-01-13 18:50:32'),
(2, 'user1@gmail.com', '$2y$10$pqGXOHd/SsqZpxiWIavel.xXZMp6OB3dJ39XN3Xs/zczVX/emgOma', '2018-12-31 12:35:03', '2019-01-13 19:21:50'),
(4, 'user2@gmail.com', '$2y$10$XX2efgIYRB1FyO36LtUo8eAWOZgENhH5S3acDf1mnaMMaU5xzvPd2', '2019-01-14 00:27:29', '2019-01-14 00:27:29'),
(5, 'user3@gmail.com', '$2y$10$7VwUs..iiR49F/3mQ/1Af.rwcvLKmpPmicWNPt0IKffw5kQMNJROG', '2019-01-22 18:21:26', '2019-01-22 18:21:26');

-- --------------------------------------------------------

--
-- ăăźăăŤăŽć§é  `work_schedules`
--

DROP TABLE IF EXISTS `work_schedules`;
CREATE TABLE `work_schedules` (
  `id` int(11) NOT NULL,
  `shop_id` int(11) NOT NULL,
  `cast_ids` varchar(255) DEFAULT NULL,
  `created` datetime NOT NULL,
  `modified` datetime NOT NULL
) ENGINE=InnoDB DEFAULT CHARSET=utf8;

--
-- ăăźăăŤăŽăăźăżăŽăăłă `work_schedules`
--

INSERT INTO `work_schedules` (`id`, `shop_id`, `cast_ids`, `created`, `modified`) VALUES
(1, 0, '54,53', '2019-09-17 22:20:02', '2019-09-17 22:20:02'),
(2, 56, '54,53', '2019-09-17 22:21:36', '2019-09-22 16:22:17');

--
-- Indexes for dumped tables
--

--
-- Indexes for table `admin_accounts`
--
ALTER TABLE `admin_accounts`
  ADD PRIMARY KEY (`id`);

--
-- Indexes for table `articles`
--
ALTER TABLE `articles`
  ADD PRIMARY KEY (`id`),
  ADD UNIQUE KEY `slug` (`slug`),
  ADD KEY `user_id` (`user_id`);

--
-- Indexes for table `articles_tags`
--
ALTER TABLE `articles_tags`
  ADD PRIMARY KEY (`article_id`,`tag_id`),
  ADD KEY `tag_key` (`tag_id`);

--
-- Indexes for table `casts`
--
ALTER TABLE `casts`
  ADD PRIMARY KEY (`id`),
  ADD KEY `shop_key` (`shop_id`);

--
-- Indexes for table `cast_schedules`
--
ALTER TABLE `cast_schedules`
  ADD PRIMARY KEY (`id`);

--
-- Indexes for table `coupons`
--
ALTER TABLE `coupons`
  ADD PRIMARY KEY (`id`),
  ADD KEY `shop_key` (`shop_id`);

--
-- Indexes for table `developers`
--
ALTER TABLE `developers`
  ADD PRIMARY KEY (`id`);

--
-- Indexes for table `diarys`
--
ALTER TABLE `diarys`
  ADD PRIMARY KEY (`id`),
  ADD KEY `cast_key` (`cast_id`);

--
-- Indexes for table `diary_likes`
--
ALTER TABLE `diary_likes`
  ADD PRIMARY KEY (`id`),
  ADD KEY `diary_like_key` (`diary_id`);

--
-- Indexes for table `event_types`
--
ALTER TABLE `event_types`
  ADD PRIMARY KEY (`id`);

--
-- Indexes for table `jobs`
--
ALTER TABLE `jobs`
  ADD PRIMARY KEY (`id`),
  ADD KEY `owner_key` (`shop_id`);

--
-- Indexes for table `master_role`
--
ALTER TABLE `master_role`
  ADD PRIMARY KEY (`id`);

--
-- Indexes for table `owners`
--
ALTER TABLE `owners`
  ADD PRIMARY KEY (`id`);

--
-- Indexes for table `shops`
--
ALTER TABLE `shops`
  ADD PRIMARY KEY (`id`),
  ADD KEY `owner_id` (`owner_id`);

--
-- Indexes for table `shop_infos`
--
ALTER TABLE `shop_infos`
  ADD PRIMARY KEY (`id`),
  ADD KEY `shop_key` (`shop_id`);

--
-- Indexes for table `shop_info_likes`
--
ALTER TABLE `shop_info_likes`
  ADD PRIMARY KEY (`id`),
  ADD KEY `shop_info_key` (`shop_info_id`);

--
-- Indexes for table `snss`
--
ALTER TABLE `snss`
  ADD PRIMARY KEY (`id`),
  ADD KEY `shop_id` (`shop_id`),
  ADD KEY `cast_id` (`cast_id`);

--
-- Indexes for table `tags`
--
ALTER TABLE `tags`
  ADD PRIMARY KEY (`id`),
  ADD UNIQUE KEY `title` (`title`);

--
-- Indexes for table `updates`
--
ALTER TABLE `updates`
  ADD PRIMARY KEY (`id`),
  ADD KEY `shop_id` (`shop_id`),
  ADD KEY `cast_id` (`cast_id`);

--
-- Indexes for table `users`
--
ALTER TABLE `users`
  ADD PRIMARY KEY (`id`);

--
-- Indexes for table `work_schedules`
--
ALTER TABLE `work_schedules`
  ADD PRIMARY KEY (`id`),
  ADD KEY `shop_id` (`shop_id`);

--
-- AUTO_INCREMENT for dumped tables
--

--
-- AUTO_INCREMENT for table `admin_accounts`
--
ALTER TABLE `admin_accounts`
  MODIFY `id` int(11) NOT NULL AUTO_INCREMENT;

--
-- AUTO_INCREMENT for table `articles`
--
ALTER TABLE `articles`
  MODIFY `id` int(11) NOT NULL AUTO_INCREMENT, AUTO_INCREMENT=30;

--
-- AUTO_INCREMENT for table `casts`
--
ALTER TABLE `casts`
  MODIFY `id` int(11) NOT NULL AUTO_INCREMENT, AUTO_INCREMENT=55;

--
-- AUTO_INCREMENT for table `cast_schedules`
--
ALTER TABLE `cast_schedules`
  MODIFY `id` int(11) NOT NULL AUTO_INCREMENT, AUTO_INCREMENT=16;

--
-- AUTO_INCREMENT for table `coupons`
--
ALTER TABLE `coupons`
  MODIFY `id` int(11) NOT NULL AUTO_INCREMENT, AUTO_INCREMENT=59;

--
-- AUTO_INCREMENT for table `developers`
--
ALTER TABLE `developers`
  MODIFY `id` int(11) NOT NULL AUTO_INCREMENT, AUTO_INCREMENT=4;

--
-- AUTO_INCREMENT for table `diarys`
--
ALTER TABLE `diarys`
  MODIFY `id` int(11) NOT NULL AUTO_INCREMENT, AUTO_INCREMENT=168;

--
-- AUTO_INCREMENT for table `diary_likes`
--
ALTER TABLE `diary_likes`
  MODIFY `id` int(11) NOT NULL AUTO_INCREMENT, AUTO_INCREMENT=2;

--
-- AUTO_INCREMENT for table `event_types`
--
ALTER TABLE `event_types`
  MODIFY `id` int(11) NOT NULL AUTO_INCREMENT;

--
-- AUTO_INCREMENT for table `jobs`
--
ALTER TABLE `jobs`
  MODIFY `id` int(11) NOT NULL AUTO_INCREMENT, AUTO_INCREMENT=107;

--
-- AUTO_INCREMENT for table `master_role`
--
ALTER TABLE `master_role`
  MODIFY `id` int(11) NOT NULL AUTO_INCREMENT, AUTO_INCREMENT=5;

--
-- AUTO_INCREMENT for table `owners`
--
ALTER TABLE `owners`
  MODIFY `id` int(11) NOT NULL AUTO_INCREMENT, AUTO_INCREMENT=99;

--
-- AUTO_INCREMENT for table `shops`
--
ALTER TABLE `shops`
  MODIFY `id` int(11) NOT NULL AUTO_INCREMENT, AUTO_INCREMENT=64;

--
-- AUTO_INCREMENT for table `shop_infos`
--
ALTER TABLE `shop_infos`
  MODIFY `id` int(11) NOT NULL AUTO_INCREMENT, AUTO_INCREMENT=10;

--
-- AUTO_INCREMENT for table `shop_info_likes`
--
ALTER TABLE `shop_info_likes`
  MODIFY `id` int(11) NOT NULL AUTO_INCREMENT, AUTO_INCREMENT=2;

--
-- AUTO_INCREMENT for table `snss`
--
ALTER TABLE `snss`
  MODIFY `id` int(11) NOT NULL AUTO_INCREMENT, AUTO_INCREMENT=8;

--
-- AUTO_INCREMENT for table `tags`
--
ALTER TABLE `tags`
  MODIFY `id` int(11) NOT NULL AUTO_INCREMENT, AUTO_INCREMENT=8;

--
-- AUTO_INCREMENT for table `updates`
--
ALTER TABLE `updates`
  MODIFY `id` int(11) NOT NULL AUTO_INCREMENT, AUTO_INCREMENT=123;

--
-- AUTO_INCREMENT for table `users`
--
ALTER TABLE `users`
  MODIFY `id` int(11) NOT NULL AUTO_INCREMENT, AUTO_INCREMENT=6;

--
-- AUTO_INCREMENT for table `work_schedules`
--
ALTER TABLE `work_schedules`
  MODIFY `id` int(11) NOT NULL AUTO_INCREMENT, AUTO_INCREMENT=3;

--
-- ăăłăăăăăźăăŤăŽĺśç´
--

--
-- ăăźăăŤăŽĺśç´ `articles`
--
ALTER TABLE `articles`
  ADD CONSTRAINT `articles_ibfk_1` FOREIGN KEY (`user_id`) REFERENCES `users` (`id`);
COMMIT;

/*!40101 SET CHARACTER_SET_CLIENT=@OLD_CHARACTER_SET_CLIENT */;
/*!40101 SET CHARACTER_SET_RESULTS=@OLD_CHARACTER_SET_RESULTS */;
/*!40101 SET COLLATION_CONNECTION=@OLD_COLLATION_CONNECTION */;
